{"fonts":[{"id":26074,"path":"Assets/TextMesh Pro/Fonts/LiberationSans.ttf","assetBundleId":-1,"data":["LiberationSans",0,18,0,[],1,1026074,16],"font":{"info":{"face":"LiberationSans","width":1024,"height":1024,"bitmapFont":false,"fontSize":64,"lineHeight":74,"ascent":58},"chars":{"32":{"id":32,"x":0,"y":0,"width":0,"height":0,"letter":" ","xadvance":18,"xoffset":0,"yoffset":0,"scale":1,"range":0,"uvTopLeft":[0,1],"uvTopRight":[0,1],"uvBottomLeft":[0,1],"uvBottomRight":[0,1]},"33":{"id":33,"x":162,"y":112,"width":7,"height":44,"letter":"!","xadvance":18,"xoffset":5,"yoffset":14,"scale":1,"range":0,"uvTopLeft":[0.158203125,0.890625],"uvTopRight":[0.1650390625,0.890625],"uvBottomLeft":[0.158203125,0.84765625],"uvBottomRight":[0.1650390625,0.84765625]},"34":{"id":34,"x":618,"y":69,"width":18,"height":14,"letter":"\"","xadvance":23,"xoffset":2,"yoffset":14,"scale":1,"range":0,"uvTopLeft":[0.603515625,0.9326171875],"uvTopRight":[0.62109375,0.9326171875],"uvBottomLeft":[0.603515625,0.9189453125],"uvBottomRight":[0.62109375,0.9189453125]},"35":{"id":35,"x":120,"y":163,"width":36,"height":44,"letter":"#","xadvance":36,"xoffset":0,"yoffset":14,"scale":1,"range":0,"uvTopLeft":[0.1171875,0.8408203125],"uvTopRight":[0.15234375,0.8408203125],"uvBottomLeft":[0.1171875,0.7978515625],"uvBottomRight":[0.15234375,0.7978515625]},"36":{"id":36,"x":221,"y":100,"width":35,"height":51,"letter":"$","xadvance":36,"xoffset":0,"yoffset":11,"scale":1,"range":0,"uvTopLeft":[0.2158203125,0.90234375],"uvTopRight":[0.25,0.90234375],"uvBottomLeft":[0.2158203125,0.8525390625],"uvBottomRight":[0.25,0.8525390625]},"37":{"id":37,"x":63,"y":52,"width":53,"height":46,"letter":"%","xadvance":57,"xoffset":2,"yoffset":13,"scale":1,"range":0,"uvTopLeft":[0.0615234375,0.94921875],"uvTopRight":[0.11328125,0.94921875],"uvBottomLeft":[0.0615234375,0.904296875],"uvBottomRight":[0.11328125,0.904296875]},"38":{"id":38,"x":267,"y":52,"width":40,"height":45,"letter":"&","xadvance":43,"xoffset":2,"yoffset":14,"scale":1,"range":0,"uvTopLeft":[0.2607421875,0.94921875],"uvTopRight":[0.2998046875,0.94921875],"uvBottomLeft":[0.2607421875,0.9052734375],"uvBottomRight":[0.2998046875,0.9052734375]},"39":{"id":39,"x":350,"y":54,"width":6,"height":14,"letter":"'","xadvance":12,"xoffset":3,"yoffset":14,"scale":1,"range":0,"uvTopLeft":[0.341796875,0.947265625],"uvTopRight":[0.34765625,0.947265625],"uvBottomLeft":[0.341796875,0.93359375],"uvBottomRight":[0.34765625,0.93359375]},"40":{"id":40,"x":38,"y":305,"width":18,"height":59,"letter":"(","xadvance":21,"xoffset":3,"yoffset":12,"scale":1,"range":0,"uvTopLeft":[0.037109375,0.7021484375],"uvTopRight":[0.0546875,0.7021484375],"uvBottomLeft":[0.037109375,0.64453125],"uvBottomRight":[0.0546875,0.64453125]},"41":{"id":41,"x":37,"y":368,"width":18,"height":59,"letter":")","xadvance":21,"xoffset":0,"yoffset":12,"scale":1,"range":0,"uvTopLeft":[0.0361328125,0.640625],"uvTopRight":[0.0537109375,0.640625],"uvBottomLeft":[0.0361328125,0.5830078125],"uvBottomRight":[0.0537109375,0.5830078125]},"42":{"id":42,"x":563,"y":71,"width":23,"height":22,"letter":"*","xadvance":25,"xoffset":1,"yoffset":14,"scale":1,"range":0,"uvTopLeft":[0.5498046875,0.9306640625],"uvTopRight":[0.572265625,0.9306640625],"uvBottomLeft":[0.5498046875,0.9091796875],"uvBottomRight":[0.572265625,0.9091796875]},"43":{"id":43,"x":745,"y":41,"width":32,"height":32,"letter":"+","xadvance":37,"xoffset":3,"yoffset":20,"scale":1,"range":0,"uvTopLeft":[0.7275390625,0.9599609375],"uvTopRight":[0.7587890625,0.9599609375],"uvBottomLeft":[0.7275390625,0.9287109375],"uvBottomRight":[0.7587890625,0.9287109375]},"44":{"id":44,"x":296,"y":101,"width":8,"height":15,"letter":",","xadvance":18,"xoffset":5,"yoffset":51,"scale":1,"range":0,"uvTopLeft":[0.2890625,0.9013671875],"uvTopRight":[0.296875,0.9013671875],"uvBottomLeft":[0.2890625,0.88671875],"uvBottomRight":[0.296875,0.88671875]},"45":{"id":45,"x":491,"y":98,"width":17,"height":5,"letter":"-","xadvance":21,"xoffset":2,"yoffset":38,"scale":1,"range":0,"uvTopLeft":[0.4794921875,0.904296875],"uvTopRight":[0.49609375,0.904296875],"uvBottomLeft":[0.4794921875,0.8994140625],"uvBottomRight":[0.49609375,0.8994140625]},"46":{"id":46,"x":350,"y":72,"width":7,"height":7,"letter":".","xadvance":18,"xoffset":5,"yoffset":51,"scale":1,"range":0,"uvTopLeft":[0.341796875,0.9296875],"uvTopRight":[0.3486328125,0.9296875],"uvBottomLeft":[0.341796875,0.9228515625],"uvBottomRight":[0.3486328125,0.9228515625]},"47":{"id":47,"x":496,"y":47,"width":18,"height":47,"letter":"/","xadvance":18,"xoffset":0,"yoffset":12,"scale":1,"range":0,"uvTopLeft":[0.484375,0.9541015625],"uvTopRight":[0.501953125,0.9541015625],"uvBottomLeft":[0.484375,0.908203125],"uvBottomRight":[0.501953125,0.908203125]},"48":{"id":48,"x":411,"y":43,"width":32,"height":46,"letter":"0","xadvance":36,"xoffset":2,"yoffset":13,"scale":1,"range":0,"uvTopLeft":[0.4013671875,0.9580078125],"uvTopRight":[0.4326171875,0.9580078125],"uvBottomLeft":[0.4013671875,0.9130859375],"uvBottomRight":[0.4326171875,0.9130859375]},"49":{"id":49,"x":4,"y":353,"width":29,"height":44,"letter":"1","xadvance":36,"xoffset":4,"yoffset":14,"scale":1,"range":0,"uvTopLeft":[0.00390625,0.6552734375],"uvTopRight":[0.0322265625,0.6552734375],"uvBottomLeft":[0.00390625,0.6123046875],"uvBottomRight":[0.0322265625,0.6123046875]},"50":{"id":50,"x":62,"y":297,"width":30,"height":45,"letter":"2","xadvance":36,"xoffset":3,"yoffset":13,"scale":1,"range":0,"uvTopLeft":[0.060546875,0.7099609375],"uvTopRight":[0.08984375,0.7099609375],"uvBottomLeft":[0.060546875,0.666015625],"uvBottomRight":[0.08984375,0.666015625]},"51":{"id":51,"x":216,"y":155,"width":31,"height":46,"letter":"3","xadvance":36,"xoffset":2,"yoffset":13,"scale":1,"range":0,"uvTopLeft":[0.2109375,0.8486328125],"uvTopRight":[0.2412109375,0.8486328125],"uvBottomLeft":[0.2109375,0.8037109375],"uvBottomRight":[0.2412109375,0.8037109375]},"52":{"id":52,"x":350,"y":90,"width":33,"height":44,"letter":"4","xadvance":36,"xoffset":1,"yoffset":14,"scale":1,"range":0,"uvTopLeft":[0.341796875,0.912109375],"uvTopRight":[0.3740234375,0.912109375],"uvBottomLeft":[0.341796875,0.869140625],"uvBottomRight":[0.3740234375,0.869140625]},"53":{"id":53,"x":113,"y":211,"width":31,"height":45,"letter":"5","xadvance":36,"xoffset":2,"yoffset":14,"scale":1,"range":0,"uvTopLeft":[0.1103515625,0.7939453125],"uvTopRight":[0.140625,0.7939453125],"uvBottomLeft":[0.1103515625,0.75],"uvBottomRight":[0.140625,0.75]},"54":{"id":54,"x":172,"y":248,"width":30,"height":46,"letter":"6","xadvance":36,"xoffset":3,"yoffset":13,"scale":1,"range":0,"uvTopLeft":[0.16796875,0.7578125],"uvTopRight":[0.197265625,0.7578125],"uvBottomLeft":[0.16796875,0.712890625],"uvBottomRight":[0.197265625,0.712890625]},"55":{"id":55,"x":4,"y":305,"width":30,"height":44,"letter":"7","xadvance":36,"xoffset":3,"yoffset":14,"scale":1,"range":0,"uvTopLeft":[0.00390625,0.7021484375],"uvTopRight":[0.033203125,0.7021484375],"uvBottomLeft":[0.00390625,0.6591796875],"uvBottomRight":[0.033203125,0.6591796875]},"56":{"id":56,"x":172,"y":198,"width":31,"height":46,"letter":"8","xadvance":36,"xoffset":2,"yoffset":13,"scale":1,"range":0,"uvTopLeft":[0.16796875,0.806640625],"uvTopRight":[0.1982421875,0.806640625],"uvBottomLeft":[0.16796875,0.76171875],"uvBottomRight":[0.1982421875,0.76171875]},"57":{"id":57,"x":62,"y":247,"width":30,"height":46,"letter":"9","xadvance":36,"xoffset":3,"yoffset":13,"scale":1,"range":0,"uvTopLeft":[0.060546875,0.7587890625],"uvTopRight":[0.08984375,0.7587890625],"uvBottomLeft":[0.060546875,0.7138671875],"uvBottomRight":[0.08984375,0.7138671875]},"58":{"id":58,"x":400,"y":42,"width":7,"height":34,"letter":":","xadvance":18,"xoffset":5,"yoffset":24,"scale":1,"range":0,"uvTopLeft":[0.390625,0.958984375],"uvTopRight":[0.3974609375,0.958984375],"uvBottomLeft":[0.390625,0.92578125],"uvBottomRight":[0.3974609375,0.92578125]},"59":{"id":59,"x":162,"y":65,"width":8,"height":43,"letter":";","xadvance":18,"xoffset":5,"yoffset":24,"scale":1,"range":0,"uvTopLeft":[0.158203125,0.9365234375],"uvTopRight":[0.166015625,0.9365234375],"uvBottomLeft":[0.158203125,0.89453125],"uvBottomRight":[0.166015625,0.89453125]},"60":{"id":60,"x":712,"y":4,"width":32,"height":33,"letter":"<","xadvance":37,"xoffset":3,"yoffset":20,"scale":1,"range":0,"uvTopLeft":[0.6953125,0.99609375],"uvTopRight":[0.7265625,0.99609375],"uvBottomLeft":[0.6953125,0.9638671875],"uvBottomRight":[0.7265625,0.9638671875]},"61":{"id":61,"x":597,"y":44,"width":32,"height":21,"letter":"=","xadvance":37,"xoffset":3,"yoffset":27,"scale":1,"range":0,"uvTopLeft":[0.5830078125,0.95703125],"uvTopRight":[0.6142578125,0.95703125],"uvBottomLeft":[0.5830078125,0.9365234375],"uvBottomRight":[0.6142578125,0.9365234375]},"62":{"id":62,"x":748,"y":4,"width":32,"height":33,"letter":">","xadvance":37,"xoffset":3,"yoffset":20,"scale":1,"range":0,"uvTopLeft":[0.73046875,0.99609375],"uvTopRight":[0.76171875,0.99609375],"uvBottomLeft":[0.73046875,0.9638671875],"uvBottomRight":[0.76171875,0.9638671875]},"63":{"id":63,"x":260,"y":152,"width":32,"height":45,"letter":"?","xadvance":36,"xoffset":2,"yoffset":13,"scale":1,"range":0,"uvTopLeft":[0.25390625,0.8515625],"uvTopRight":[0.28515625,0.8515625],"uvBottomLeft":[0.25390625,0.8076171875],"uvBottomRight":[0.28515625,0.8076171875]},"64":{"id":64,"x":4,"y":4,"width":55,"height":55,"letter":"@","xadvance":65,"xoffset":5,"yoffset":12,"scale":1,"range":0,"uvTopLeft":[0.00390625,0.99609375],"uvTopRight":[0.0576171875,0.99609375],"uvBottomLeft":[0.00390625,0.9423828125],"uvBottomRight":[0.0576171875,0.9423828125]},"65":{"id":65,"x":222,"y":4,"width":43,"height":44,"letter":"A","xadvance":43,"xoffset":0,"yoffset":14,"scale":1,"range":0,"uvTopLeft":[0.216796875,0.99609375],"uvTopRight":[0.2587890625,0.99609375],"uvBottomLeft":[0.216796875,0.953125],"uvBottomRight":[0.2587890625,0.953125]},"66":{"id":66,"x":4,"y":257,"width":35,"height":44,"letter":"B","xadvance":43,"xoffset":5,"yoffset":14,"scale":1,"range":0,"uvTopLeft":[0.00390625,0.7490234375],"uvTopRight":[0.0380859375,0.7490234375],"uvBottomLeft":[0.00390625,0.7060546875],"uvBottomRight":[0.0380859375,0.7060546875]},"67":{"id":67,"x":316,"y":4,"width":41,"height":46,"letter":"C","xadvance":46,"xoffset":3,"yoffset":13,"scale":1,"range":0,"uvTopLeft":[0.30859375,0.99609375],"uvTopRight":[0.3486328125,0.99609375],"uvBottomLeft":[0.30859375,0.951171875],"uvBottomRight":[0.3486328125,0.951171875]},"68":{"id":68,"x":174,"y":102,"width":39,"height":44,"letter":"D","xadvance":46,"xoffset":5,"yoffset":14,"scale":1,"range":0,"uvTopLeft":[0.169921875,0.900390625],"uvTopRight":[0.2080078125,0.900390625],"uvBottomLeft":[0.169921875,0.857421875],"uvBottomRight":[0.2080078125,0.857421875]},"69":{"id":69,"x":361,"y":42,"width":35,"height":44,"letter":"E","xadvance":43,"xoffset":5,"yoffset":14,"scale":1,"range":0,"uvTopLeft":[0.3525390625,0.958984375],"uvTopRight":[0.38671875,0.958984375],"uvBottomLeft":[0.3525390625,0.916015625],"uvBottomRight":[0.38671875,0.916015625]},"70":{"id":70,"x":251,"y":201,"width":32,"height":44,"letter":"F","xadvance":39,"xoffset":5,"yoffset":14,"scale":1,"range":0,"uvTopLeft":[0.2451171875,0.8037109375],"uvTopRight":[0.2763671875,0.8037109375],"uvBottomLeft":[0.2451171875,0.7607421875],"uvBottomRight":[0.2763671875,0.7607421875]},"71":{"id":71,"x":176,"y":4,"width":42,"height":46,"letter":"G","xadvance":50,"xoffset":3,"yoffset":13,"scale":1,"range":0,"uvTopLeft":[0.171875,0.99609375],"uvTopRight":[0.212890625,0.99609375],"uvBottomLeft":[0.171875,0.951171875],"uvBottomRight":[0.212890625,0.951171875]},"72":{"id":72,"x":4,"y":161,"width":36,"height":44,"letter":"H","xadvance":46,"xoffset":5,"yoffset":14,"scale":1,"range":0,"uvTopLeft":[0.00390625,0.8427734375],"uvTopRight":[0.0390625,0.8427734375],"uvBottomLeft":[0.00390625,0.7998046875],"uvBottomRight":[0.0390625,0.7998046875]},"73":{"id":73,"x":161,"y":160,"width":7,"height":44,"letter":"I","xadvance":18,"xoffset":5,"yoffset":14,"scale":1,"range":0,"uvTopLeft":[0.1572265625,0.84375],"uvTopRight":[0.1640625,0.84375],"uvBottomLeft":[0.1572265625,0.80078125],"uvBottomRight":[0.1640625,0.80078125]},"74":{"id":74,"x":4,"y":401,"width":27,"height":45,"letter":"J","xadvance":32,"xoffset":1,"yoffset":14,"scale":1,"range":0,"uvTopLeft":[0.00390625,0.6083984375],"uvTopRight":[0.0302734375,0.6083984375],"uvBottomLeft":[0.00390625,0.564453125],"uvBottomRight":[0.0302734375,0.564453125]},"75":{"id":75,"x":62,"y":151,"width":37,"height":44,"letter":"K","xadvance":43,"xoffset":5,"yoffset":14,"scale":1,"range":0,"uvTopLeft":[0.060546875,0.8525390625],"uvTopRight":[0.0966796875,0.8525390625],"uvBottomLeft":[0.060546875,0.8095703125],"uvBottomRight":[0.0966796875,0.8095703125]},"76":{"id":76,"x":60,"y":346,"width":29,"height":44,"letter":"L","xadvance":36,"xoffset":5,"yoffset":14,"scale":1,"range":0,"uvTopLeft":[0.05859375,0.662109375],"uvTopRight":[0.0869140625,0.662109375],"uvBottomLeft":[0.05859375,0.619140625],"uvBottomRight":[0.0869140625,0.619140625]},"77":{"id":77,"x":4,"y":113,"width":44,"height":44,"letter":"M","xadvance":53,"xoffset":5,"yoffset":14,"scale":1,"range":0,"uvTopLeft":[0.00390625,0.8896484375],"uvTopRight":[0.046875,0.8896484375],"uvBottomLeft":[0.00390625,0.8466796875],"uvBottomRight":[0.046875,0.8466796875]},"78":{"id":78,"x":4,"y":209,"width":36,"height":44,"letter":"N","xadvance":46,"xoffset":5,"yoffset":14,"scale":1,"range":0,"uvTopLeft":[0.00390625,0.7958984375],"uvTopRight":[0.0390625,0.7958984375],"uvBottomLeft":[0.00390625,0.7529296875],"uvBottomRight":[0.0390625,0.7529296875]},"79":{"id":79,"x":4,"y":63,"width":44,"height":46,"letter":"O","xadvance":50,"xoffset":3,"yoffset":13,"scale":1,"range":0,"uvTopLeft":[0.00390625,0.9384765625],"uvTopRight":[0.046875,0.9384765625],"uvBottomLeft":[0.00390625,0.8935546875],"uvBottomRight":[0.046875,0.8935546875]},"80":{"id":80,"x":311,"y":54,"width":35,"height":44,"letter":"P","xadvance":43,"xoffset":5,"yoffset":14,"scale":1,"range":0,"uvTopLeft":[0.3037109375,0.947265625],"uvTopRight":[0.337890625,0.947265625],"uvBottomLeft":[0.3037109375,0.904296875],"uvBottomRight":[0.337890625,0.904296875]},"81":{"id":81,"x":128,"y":4,"width":44,"height":57,"letter":"Q","xadvance":50,"xoffset":3,"yoffset":13,"scale":1,"range":0,"uvTopLeft":[0.125,0.99609375],"uvTopRight":[0.16796875,0.99609375],"uvBottomLeft":[0.125,0.9404296875],"uvBottomRight":[0.16796875,0.9404296875]},"82":{"id":82,"x":173,"y":150,"width":39,"height":44,"letter":"R","xadvance":46,"xoffset":5,"yoffset":14,"scale":1,"range":0,"uvTopLeft":[0.1689453125,0.853515625],"uvTopRight":[0.20703125,0.853515625],"uvBottomLeft":[0.1689453125,0.810546875],"uvBottomRight":[0.20703125,0.810546875]},"83":{"id":83,"x":120,"y":65,"width":38,"height":46,"letter":"S","xadvance":43,"xoffset":2,"yoffset":13,"scale":1,"range":0,"uvTopLeft":[0.1171875,0.9365234375],"uvTopRight":[0.154296875,0.9365234375],"uvBottomLeft":[0.1171875,0.8916015625],"uvBottomRight":[0.154296875,0.8916015625]},"84":{"id":84,"x":120,"y":115,"width":37,"height":44,"letter":"T","xadvance":39,"xoffset":1,"yoffset":14,"scale":1,"range":0,"uvTopLeft":[0.1171875,0.8876953125],"uvTopRight":[0.1533203125,0.8876953125],"uvBottomLeft":[0.1171875,0.8447265625],"uvBottomRight":[0.1533203125,0.8447265625]},"85":{"id":85,"x":62,"y":102,"width":38,"height":45,"letter":"U","xadvance":46,"xoffset":4,"yoffset":14,"scale":1,"range":0,"uvTopLeft":[0.060546875,0.900390625],"uvTopRight":[0.09765625,0.900390625],"uvBottomLeft":[0.060546875,0.8564453125],"uvBottomRight":[0.09765625,0.8564453125]},"86":{"id":86,"x":269,"y":4,"width":43,"height":44,"letter":"V","xadvance":43,"xoffset":0,"yoffset":14,"scale":1,"range":0,"uvTopLeft":[0.2626953125,0.99609375],"uvTopRight":[0.3046875,0.99609375],"uvBottomLeft":[0.2626953125,0.953125],"uvBottomRight":[0.3046875,0.953125]},"87":{"id":87,"x":63,"y":4,"width":61,"height":44,"letter":"W","xadvance":60,"xoffset":0,"yoffset":14,"scale":1,"range":0,"uvTopLeft":[0.0615234375,0.99609375],"uvTopRight":[0.12109375,0.99609375],"uvBottomLeft":[0.0615234375,0.953125],"uvBottomRight":[0.12109375,0.953125]},"88":{"id":88,"x":222,"y":52,"width":41,"height":44,"letter":"X","xadvance":43,"xoffset":1,"yoffset":14,"scale":1,"range":0,"uvTopLeft":[0.216796875,0.94921875],"uvTopRight":[0.2568359375,0.94921875],"uvBottomLeft":[0.216796875,0.90625],"uvBottomRight":[0.2568359375,0.90625]},"89":{"id":89,"x":176,"y":54,"width":41,"height":44,"letter":"Y","xadvance":43,"xoffset":1,"yoffset":14,"scale":1,"range":0,"uvTopLeft":[0.171875,0.947265625],"uvTopRight":[0.2119140625,0.947265625],"uvBottomLeft":[0.171875,0.904296875],"uvBottomRight":[0.2119140625,0.904296875]},"90":{"id":90,"x":62,"y":199,"width":36,"height":44,"letter":"Z","xadvance":39,"xoffset":2,"yoffset":14,"scale":1,"range":0,"uvTopLeft":[0.060546875,0.8056640625],"uvTopRight":[0.095703125,0.8056640625],"uvBottomLeft":[0.060546875,0.7626953125],"uvBottomRight":[0.095703125,0.7626953125]},"91":{"id":91,"x":44,"y":177,"width":14,"height":59,"letter":"[","xadvance":18,"xoffset":4,"yoffset":12,"scale":1,"range":0,"uvTopLeft":[0.04296875,0.8271484375],"uvTopRight":[0.056640625,0.8271484375],"uvBottomLeft":[0.04296875,0.76953125],"uvBottomRight":[0.056640625,0.76953125]},"92":{"id":92,"x":447,"y":59,"width":18,"height":47,"letter":"\\","xadvance":18,"xoffset":0,"yoffset":12,"scale":1,"range":0,"uvTopLeft":[0.4365234375,0.9423828125],"uvTopRight":[0.4541015625,0.9423828125],"uvBottomLeft":[0.4365234375,0.896484375],"uvBottomRight":[0.4541015625,0.896484375]},"93":{"id":93,"x":44,"y":240,"width":14,"height":59,"letter":"]","xadvance":18,"xoffset":0,"yoffset":12,"scale":1,"range":0,"uvTopLeft":[0.04296875,0.765625],"uvTopRight":[0.056640625,0.765625],"uvBottomLeft":[0.04296875,0.7080078125],"uvBottomRight":[0.056640625,0.7080078125]},"94":{"id":94,"x":563,"y":44,"width":30,"height":23,"letter":"^","xadvance":30,"xoffset":0,"yoffset":14,"scale":1,"range":0,"uvTopLeft":[0.5498046875,0.95703125],"uvTopRight":[0.5791015625,0.95703125],"uvBottomLeft":[0.5498046875,0.9345703125],"uvBottomRight":[0.5791015625,0.9345703125]},"95":{"id":95,"x":518,"y":94,"width":38,"height":5,"letter":"_","xadvance":36,"xoffset":-1,"yoffset":67,"scale":1,"range":0,"uvTopLeft":[0.505859375,0.908203125],"uvTopRight":[0.54296875,0.908203125],"uvBottomLeft":[0.505859375,0.9033203125],"uvBottomRight":[0.54296875,0.9033203125]},"96":{"id":96,"x":129,"y":260,"width":14,"height":10,"letter":"`","xadvance":21,"xoffset":3,"yoffset":10,"scale":1,"range":0,"uvTopLeft":[0.1259765625,0.74609375],"uvTopRight":[0.1396484375,0.74609375],"uvBottomLeft":[0.1259765625,0.736328125],"uvBottomRight":[0.1396484375,0.736328125]},"97":{"id":97,"x":532,"y":4,"width":34,"height":36,"letter":"a","xadvance":36,"xoffset":2,"yoffset":23,"scale":1,"range":0,"uvTopLeft":[0.51953125,0.99609375],"uvTopRight":[0.552734375,0.99609375],"uvBottomLeft":[0.51953125,0.9609375],"uvBottomRight":[0.552734375,0.9609375]},"98":{"id":98,"x":96,"y":260,"width":29,"height":47,"letter":"b","xadvance":36,"xoffset":4,"yoffset":12,"scale":1,"range":0,"uvTopLeft":[0.09375,0.74609375],"uvTopRight":[0.1220703125,0.74609375],"uvBottomLeft":[0.09375,0.7001953125],"uvBottomRight":[0.1220703125,0.7001953125]},"99":{"id":99,"x":784,"y":4,"width":29,"height":36,"letter":"c","xadvance":32,"xoffset":2,"yoffset":23,"scale":1,"range":0,"uvTopLeft":[0.765625,0.99609375],"uvTopRight":[0.7939453125,0.99609375],"uvBottomLeft":[0.765625,0.9609375],"uvBottomRight":[0.7939453125,0.9609375]},"100":{"id":100,"x":296,"y":154,"width":30,"height":47,"letter":"d","xadvance":36,"xoffset":2,"yoffset":12,"scale":1,"range":0,"uvTopLeft":[0.2890625,0.849609375],"uvTopRight":[0.318359375,0.849609375],"uvBottomLeft":[0.2890625,0.8037109375],"uvBottomRight":[0.318359375,0.8037109375]},"101":{"id":101,"x":570,"y":4,"width":31,"height":36,"letter":"e","xadvance":36,"xoffset":2,"yoffset":23,"scale":1,"range":0,"uvTopLeft":[0.556640625,0.99609375],"uvTopRight":[0.5869140625,0.99609375],"uvBottomLeft":[0.556640625,0.9609375],"uvBottomRight":[0.5869140625,0.9609375]},"102":{"id":102,"x":469,"y":59,"width":18,"height":46,"letter":"f","xadvance":18,"xoffset":0,"yoffset":12,"scale":1,"range":0,"uvTopLeft":[0.4580078125,0.9423828125],"uvTopRight":[0.4755859375,0.9423828125],"uvBottomLeft":[0.4580078125,0.8974609375],"uvBottomRight":[0.4755859375,0.8974609375]},"103":{"id":103,"x":308,"y":102,"width":30,"height":48,"letter":"g","xadvance":36,"xoffset":2,"yoffset":23,"scale":1,"range":0,"uvTopLeft":[0.30078125,0.900390625],"uvTopRight":[0.330078125,0.900390625],"uvBottomLeft":[0.30078125,0.853515625],"uvBottomRight":[0.330078125,0.853515625]},"104":{"id":104,"x":96,"y":311,"width":28,"height":46,"letter":"h","xadvance":36,"xoffset":4,"yoffset":12,"scale":1,"range":0,"uvTopLeft":[0.09375,0.6962890625],"uvTopRight":[0.12109375,0.6962890625],"uvBottomLeft":[0.09375,0.6513671875],"uvBottomRight":[0.12109375,0.6513671875]},"105":{"id":105,"x":52,"y":127,"width":6,"height":46,"letter":"i","xadvance":14,"xoffset":4,"yoffset":12,"scale":1,"range":0,"uvTopLeft":[0.05078125,0.8759765625],"uvTopRight":[0.056640625,0.8759765625],"uvBottomLeft":[0.05078125,0.8310546875],"uvBottomRight":[0.056640625,0.8310546875]},"106":{"id":106,"x":104,"y":102,"width":12,"height":59,"letter":"j","xadvance":14,"xoffset":-2,"yoffset":12,"scale":1,"range":0,"uvTopLeft":[0.1015625,0.900390625],"uvTopRight":[0.11328125,0.900390625],"uvBottomLeft":[0.1015625,0.8427734375],"uvBottomRight":[0.11328125,0.8427734375]},"107":{"id":107,"x":129,"y":274,"width":29,"height":46,"letter":"k","xadvance":32,"xoffset":4,"yoffset":12,"scale":1,"range":0,"uvTopLeft":[0.1259765625,0.732421875],"uvTopRight":[0.154296875,0.732421875],"uvBottomLeft":[0.1259765625,0.6875],"uvBottomRight":[0.154296875,0.6875]},"108":{"id":108,"x":103,"y":165,"width":6,"height":46,"letter":"l","xadvance":14,"xoffset":4,"yoffset":12,"scale":1,"range":0,"uvTopLeft":[0.1005859375,0.8388671875],"uvTopRight":[0.1064453125,0.8388671875],"uvBottomLeft":[0.1005859375,0.7939453125],"uvBottomRight":[0.1064453125,0.7939453125]},"109":{"id":109,"x":413,"y":4,"width":46,"height":35,"letter":"m","xadvance":53,"xoffset":4,"yoffset":23,"scale":1,"range":0,"uvTopLeft":[0.4033203125,0.99609375],"uvTopRight":[0.4482421875,0.99609375],"uvBottomLeft":[0.4033203125,0.9619140625],"uvBottomRight":[0.4482421875,0.9619140625]},"110":{"id":110,"x":640,"y":42,"width":28,"height":35,"letter":"n","xadvance":36,"xoffset":4,"yoffset":23,"scale":1,"range":0,"uvTopLeft":[0.625,0.958984375],"uvTopRight":[0.65234375,0.958984375],"uvBottomLeft":[0.625,0.9248046875],"uvBottomRight":[0.65234375,0.9248046875]},"111":{"id":111,"x":605,"y":4,"width":31,"height":36,"letter":"o","xadvance":36,"xoffset":2,"yoffset":23,"scale":1,"range":0,"uvTopLeft":[0.5908203125,0.99609375],"uvTopRight":[0.62109375,0.99609375],"uvBottomLeft":[0.5908203125,0.9609375],"uvBottomRight":[0.62109375,0.9609375]},"112":{"id":112,"x":207,"y":205,"width":29,"height":48,"letter":"p","xadvance":36,"xoffset":4,"yoffset":23,"scale":1,"range":0,"uvTopLeft":[0.2021484375,0.7998046875],"uvTopRight":[0.23046875,0.7998046875],"uvBottomLeft":[0.2021484375,0.7529296875],"uvBottomRight":[0.23046875,0.7529296875]},"113":{"id":113,"x":342,"y":138,"width":30,"height":48,"letter":"q","xadvance":36,"xoffset":2,"yoffset":23,"scale":1,"range":0,"uvTopLeft":[0.333984375,0.865234375],"uvTopRight":[0.36328125,0.865234375],"uvBottomLeft":[0.333984375,0.818359375],"uvBottomRight":[0.36328125,0.818359375]},"114":{"id":114,"x":597,"y":69,"width":17,"height":35,"letter":"r","xadvance":21,"xoffset":4,"yoffset":23,"scale":1,"range":0,"uvTopLeft":[0.5830078125,0.9326171875],"uvTopRight":[0.599609375,0.9326171875],"uvBottomLeft":[0.5830078125,0.8984375],"uvBottomRight":[0.599609375,0.8984375]},"115":{"id":115,"x":712,"y":41,"width":29,"height":36,"letter":"s","xadvance":32,"xoffset":1,"yoffset":23,"scale":1,"range":0,"uvTopLeft":[0.6953125,0.9599609375],"uvTopRight":[0.7236328125,0.9599609375],"uvBottomLeft":[0.6953125,0.9248046875],"uvBottomRight":[0.7236328125,0.9248046875]},"116":{"id":116,"x":411,"y":93,"width":18,"height":43,"letter":"t","xadvance":18,"xoffset":0,"yoffset":16,"scale":1,"range":0,"uvTopLeft":[0.4013671875,0.9091796875],"uvTopRight":[0.4189453125,0.9091796875],"uvBottomLeft":[0.4013671875,0.8671875],"uvBottomRight":[0.4189453125,0.8671875]},"117":{"id":117,"x":672,"y":42,"width":28,"height":35,"letter":"u","xadvance":36,"xoffset":4,"yoffset":24,"scale":1,"range":0,"uvTopLeft":[0.65625,0.958984375],"uvTopRight":[0.68359375,0.958984375],"uvBottomLeft":[0.65625,0.9248046875],"uvBottomRight":[0.68359375,0.9248046875]},"118":{"id":118,"x":640,"y":4,"width":32,"height":34,"letter":"v","xadvance":32,"xoffset":0,"yoffset":24,"scale":1,"range":0,"uvTopLeft":[0.625,0.99609375],"uvTopRight":[0.65625,0.99609375],"uvBottomLeft":[0.625,0.962890625],"uvBottomRight":[0.65625,0.962890625]},"119":{"id":119,"x":361,"y":4,"width":48,"height":34,"letter":"w","xadvance":46,"xoffset":-1,"yoffset":24,"scale":1,"range":0,"uvTopLeft":[0.3525390625,0.99609375],"uvTopRight":[0.3994140625,0.99609375],"uvBottomLeft":[0.3525390625,0.962890625],"uvBottomRight":[0.3994140625,0.962890625]},"120":{"id":120,"x":676,"y":4,"width":32,"height":34,"letter":"x","xadvance":32,"xoffset":0,"yoffset":24,"scale":1,"range":0,"uvTopLeft":[0.66015625,0.99609375],"uvTopRight":[0.69140625,0.99609375],"uvBottomLeft":[0.66015625,0.962890625],"uvBottomRight":[0.69140625,0.962890625]},"121":{"id":121,"x":260,"y":101,"width":32,"height":47,"letter":"y","xadvance":32,"xoffset":0,"yoffset":24,"scale":1,"range":0,"uvTopLeft":[0.25390625,0.9013671875],"uvTopRight":[0.28515625,0.9013671875],"uvBottomLeft":[0.25390625,0.85546875],"uvBottomRight":[0.28515625,0.85546875]},"122":{"id":122,"x":532,"y":44,"width":27,"height":34,"letter":"z","xadvance":32,"xoffset":2,"yoffset":24,"scale":1,"range":0,"uvTopLeft":[0.51953125,0.95703125],"uvTopRight":[0.5458984375,0.95703125],"uvBottomLeft":[0.51953125,0.923828125],"uvBottomRight":[0.5458984375,0.923828125]},"123":{"id":123,"x":387,"y":90,"width":20,"height":59,"letter":"{","xadvance":21,"xoffset":1,"yoffset":12,"scale":1,"range":0,"uvTopLeft":[0.3779296875,0.912109375],"uvTopRight":[0.3974609375,0.912109375],"uvBottomLeft":[0.3779296875,0.8544921875],"uvBottomRight":[0.3974609375,0.8544921875]},"124":{"id":124,"x":52,"y":63,"width":6,"height":60,"letter":"|","xadvance":17,"xoffset":5,"yoffset":12,"scale":1,"range":0,"uvTopLeft":[0.05078125,0.9384765625],"uvTopRight":[0.056640625,0.9384765625],"uvBottomLeft":[0.05078125,0.8798828125],"uvBottomRight":[0.056640625,0.8798828125]},"125":{"id":125,"x":148,"y":211,"width":20,"height":59,"letter":"}","xadvance":21,"xoffset":1,"yoffset":12,"scale":1,"range":0,"uvTopLeft":[0.14453125,0.7939453125],"uvTopRight":[0.1640625,0.7939453125],"uvBottomLeft":[0.14453125,0.736328125],"uvBottomRight":[0.1640625,0.736328125]},"126":{"id":126,"x":518,"y":82,"width":33,"height":8,"letter":"~","xadvance":37,"xoffset":2,"yoffset":33,"scale":1,"range":0,"uvTopLeft":[0.505859375,0.919921875],"uvTopRight":[0.5380859375,0.919921875],"uvBottomLeft":[0.505859375,0.912109375],"uvBottomRight":[0.5380859375,0.912109375]},"167":{"id":167,"x":463,"y":4,"width":29,"height":51,"letter":"§","xadvance":36,"xoffset":3,"yoffset":12,"scale":1,"range":0,"uvTopLeft":[0.4521484375,0.99609375],"uvTopRight":[0.48046875,0.99609375],"uvBottomLeft":[0.4521484375,0.9462890625],"uvBottomRight":[0.48046875,0.9462890625]},"177":{"id":177,"x":496,"y":4,"width":32,"height":39,"letter":"±","xadvance":35,"xoffset":2,"yoffset":19,"scale":1,"range":0,"uvTopLeft":[0.484375,0.99609375],"uvTopRight":[0.515625,0.99609375],"uvBottomLeft":[0.484375,0.9580078125],"uvBottomRight":[0.515625,0.9580078125]}}}}],"materials":[{"id":-238554,"path":"Assets/Materials/Unlit_WallMask.mat","assetBundleId":-1,"data":["Unlit_WallMask",0,42512,3000,0,[],[["_Color",0,0.845799922943115,1,1]],[["_MainTex_ST",1,1,0,0]],[["_MainTex",null,null]],[]]},{"id":-2562,"path":"Default UI Material","assetBundleId":-1,"data":["Default UI Material",0,30,3000,0,[["_StencilComp",8],["_Stencil",0],["_StencilOp",0],["_StencilWriteMask",255],["_StencilReadMask",255],["_ColorMask",15],["_UseUIAlphaClip",0]],[["_Color",1,1,1,1]],[["_MainTex_ST",1,1,0,0]],[["_MainTex",null,null]],[]]},{"id":25896,"path":"Assets/TextMesh Pro/Resources/Fonts & Materials/LiberationSans SDF.asset","assetBundleId":-1,"data":["LiberationSans SDF Material",0,398,3000,0,[["_FaceDilate",0],["_OutlineWidth",0],["_OutlineSoftness",0],["_UnderlayOffsetX",0],["_UnderlayOffsetY",0],["_UnderlayDilate",0],["_UnderlaySoftness",0],["_WeightNormal",0],["_WeightBold",0.75],["_ShaderFlags",0],["_ScaleRatioA",0.899999976158142],["_ScaleRatioB",1],["_ScaleRatioC",0.731249988079071],["_TextureWidth",1024],["_TextureHeight",1024],["_GradientScale",10],["_ScaleX",1],["_ScaleY",1],["_PerspectiveFilter",0.875],["_Sharpness",0],["_VertexOffsetX",0],["_VertexOffsetY",0],["_MaskSoftnessX",0],["_MaskSoftnessY",0],["_StencilComp",8],["_Stencil",0],["_StencilOp",0],["_StencilWriteMask",255],["_StencilReadMask",255],["_CullMode",0],["_ColorMask",15]],[["_FaceColor",1,1,1,1],["_OutlineColor",0,0,0,1],["_UnderlayColor",0,0,0,0.5]],[["_MainTex_ST",1,1,0,0],["_ClipRect",-32767,-32767,32767,32767]],[["_MainTex",1,26072]],[]]},{"id":27922,"path":"Assets/Materials/WallMaterial.mat","assetBundleId":-1,"data":["WallMaterial",0,298,3000,0,[],[],[["_MainTex_ST",1,1,0,0]],[["_MainTex",null,null]],[]]},{"id":25878,"path":"Assets/Materials/Skybox.mat","assetBundleId":-1,"data":["Skybox",0,148,1000,0,[["_Exposure",1],["_Rotation",0]],[["_Tint",0.50943398475647,0.463777154684067,0.493872702121735,0.5]],[["_FrontTex_ST",1,1,0,0],["_BackTex_ST",1,1,0,0],["_LeftTex_ST",1,1,0,0],["_RightTex_ST",1,1,0,0],["_UpTex_ST",1,1,0,0],["_DownTex_ST",1,1,0,0]],[["_FrontTex",1,27006],["_BackTex",1,27006],["_LeftTex",1,27006],["_RightTex",1,27006],["_UpTex",1,27008],["_DownTex",1,27008]],[["_MAPPING_LATITUDE_LONGITUDE_LAYOUT",0],["_SUNDISK_NONE",0]]]},{"id":27002,"path":"Assets/TextMesh Pro/Resources/Sprite Assets/EmojiOne.asset","assetBundleId":-1,"data":["TextMeshPro/Sprite",0,400,3000,0,[["_StencilComp",8],["_Stencil",0],["_StencilOp",0],["_StencilWriteMask",255],["_StencilReadMask",255],["_CullMode",0],["_ColorMask",15],["_UseUIAlphaClip",0]],[["_Color",1,1,1,1]],[["_MainTex_ST",1,1,0,0],["_ClipRect",-32767,-32767,32767,32767]],[["_MainTex",1,27004]],[["UNITY_UI_CLIP_RECT",1]]]}],"meshes":[{"id":762,"path":"Library/unity default resources\\Quad","assetBundleId":-1,"data":["Quad",true,0,4,[0,0,0,0.5,0.5,3.061617e-17],[1,1,1,0,0,0,1,0,0,0],[0,96],[[[96,12]]],[],[]]}],"scenes":[{"id":0,"name":"Third_Playable","path":"Assets/Scenes/Third_Playable.unity","assetBundleId":-1,"data":["Third_Playable",5,0],"objects":[{"id":233428,"path":"Camera","assetBundleId":0,"components":[{"type":2,"id":233436,"data":[0,1,65.3300018310547,1,1,1,0,0,0,1]},{"type":3,"id":233434,"data":[1,0.5625,0,5,0.192156866192818,0.301960796117783,0.474509805440903,0,0.300000011920929,1000,90,0,1,-1,[0,0,1,1],null,null,0,50,36,24,0,0,2,0,1]},{"type":4,"id":233432,"data":[]},{"type":5,"id":233430,"enabled":1,"class":6,"data":[]}],"children":[],"data":["Camera",4,1,0,0]},{"id":233438,"path":"EventSystem","assetBundleId":0,"components":[{"type":2,"id":233444,"data":[0,0,0,1,1,1,0,0,0,1]},{"type":7,"id":233442,"enabled":1,"class":8,"data":[null,null,1,10]},{"type":7,"id":233440,"enabled":1,"class":9,"data":["Horizontal","Vertical","Submit","Cancel",10,0.5,0,1]}],"children":[],"data":["EventSystem",0,1,0,0]},{"id":233344,"path":"Quad (1)","assetBundleId":0,"components":[{"type":2,"id":233352,"data":[0,1.76999664306641,70.629997253418,5.15000009536743,3.50999999046326,1,0,0,0,1]},{"type":10,"id":233350,"data":[11,762]},{"type":12,"id":233348,"data":[null,null,1,13,27922,[13,27922],1,1,0,0,-1,5,1,1,0,0,1,1]},{"type":14,"id":233346,"data":[1,0,null,null,11,762,0]}],"children":[],"data":["Quad (1)",0,1,0,0]},{"id":233340,"path":"All","assetBundleId":0,"components":[{"type":2,"id":233342,"data":[0,-96.4300003051758,70.5,1,1,1,0,0,0,1]}],"children":[{"id":233516,"path":"All","assetBundleId":0,"components":[{"type":2,"id":233518,"data":[-14.0760345458984,110.222267150879,133.960968017578,1,1,1,0,0,0,1]},{"type":5,"id":233522,"enabled":1,"class":15,"data":[0,43508,16,233496,17,233450,17,233364,17,233326,18,233498,13,27922,12,233402,2,233398,19,233520,0.200000002980232,0.5,[20,41628,20,41626,20,41630,20,41630],12,233548,18,233314]},{"type":19,"id":233520,"data":[21,27924,null,null,1,1,0,0,1,1]}],"children":[],"data":["WallPainter",0,1,0,0]},{"id":233498,"path":"All","assetBundleId":0,"components":[{"type":22,"id":233500,"data":[0.5,0.5,0,0,0,0,1440,2560,720,1376.43005371094,-70.5,0,0,0,1,1,1,1]},{"type":23,"id":233506,"data":[1,100,100,0,0,0,"Default",0,1,null,null,0,0,0,0]},{"type":7,"id":233504,"enabled":1,"class":24,"data":[1,100,1,1440,2560,0,1,3,96,96,1,0]},{"type":7,"id":233502,"enabled":1,"class":25,"data":[1,0,-1]}],"children":[{"id":233492,"path":"All","assetBundleId":0,"components":[{"type":22,"id":233494,"data":[0.5,0,0.5,0,0.5,0,741,84,0,100,0,0,0,0,1,1,1,1]},{"type":7,"id":233496,"enabled":1,"class":16,"data":[22,233372,22,233416,0,0.0500000007450581,0.200000002980232,0,0.100000001490116,[[[]]],[3,0,null,null,null,null,null,null,null,null],1,[1,1,1,1,0.960784316062927,0.960784316062927,0.960784316062927,1,0.7843137383461,0.7843137383461,0.7843137383461,1,0.960784316062927,0.960784316062927,0.960784316062927,1,0.7843137383461,0.7843137383461,0.7843137383461,0.501960813999176,1,0.100000001490116],[null,null,null,null,null,null,null,null],["Normal","Highlighted","Pressed","Selected","Disabled"],1,26,233418]}],"children":[{"id":233406,"path":"All","assetBundleId":0,"components":[{"type":22,"id":233408,"data":[0.5,0.5,0,0,1,1,0,0,0,0,0,0,0,0,1,1,1,1]},{"type":27,"id":233412,"data":[1]},{"type":7,"id":233410,"enabled":1,"class":26,"data":[20,27920,0,0,1,4,1,1,0,0,1,null,null,1,1,1,1,1,1,0,0,0,0]}],"children":[],"data":["Background",0,1,0,5]},{"id":233556,"path":"All","assetBundleId":0,"components":[{"type":22,"id":233558,"data":[0.5,0.5,0,0.25,1,0.75,-20,0,-5,0,0,0,0,0,1,1,1,1]}],"children":[{"id":233370,"path":"All","assetBundleId":0,"components":[{"type":22,"id":233372,"data":[0.5,0.5,0,0,0.333333343267441,1,10,0,0,0,0,0,0,0,1,1,1,1]},{"type":27,"id":233376,"data":[1]},{"type":7,"id":233374,"enabled":1,"class":26,"data":[20,928,1,0,1,4,1,1,0,0,1,null,null,1,1,1,1,1,1,0,0,0,0]}],"children":[],"data":["Fill",0,0,0,5]}],"data":["Fill Area",0,1,0,5]},{"id":233552,"path":"All","assetBundleId":0,"components":[{"type":22,"id":233554,"data":[0.5,0.5,0,0.5,1,0.5,-110,0,-45,0,0,0,0,0,1,1,1,1]}],"children":[{"id":233414,"path":"All","assetBundleId":0,"components":[{"type":22,"id":233416,"data":[0,0.5,0.333333343267441,0,0.333333343267441,1,101,105,0,0,0,0,0,0,1,1,1,1]},{"type":27,"id":233420,"data":[1]},{"type":7,"id":233418,"enabled":1,"class":26,"data":[20,25918,0,0,1,4,1,1,0,0,1,null,null,1,1,1,1,1,1,0,0,0,0]}],"children":[],"data":["Handle",0,1,0,5]}],"data":["Handle Slide Area",0,1,0,5]}],"data":["Slider",0,1,0,5]},{"id":233354,"path":"All","assetBundleId":0,"components":[{"type":22,"id":233356,"data":[0.5,0.5,0,0.5,1,0.5,0,100,0,-468.320007324219,0,0,0,0,1,0.730000019073486,0.730000019073486,0.730000019073486]},{"type":7,"id":233358,"enabled":1,"class":28,"data":[0,1,0,0,0,0,0,0,-67,0,0,0,4]}],"children":[{"id":233472,"path":"All","assetBundleId":0,"components":[{"type":22,"id":233474,"data":[0.5,0.5,0,0,0,0,515,351,0,0,0,0,0,0,1,0.790000021457672,0.790000021457672,0.790000021457672]},{"type":27,"id":233478,"data":[1]},{"type":7,"id":233476,"enabled":1,"class":26,"data":[null,null,0,0,1,4,1,1,0,0,1,null,null,1,0.0615992546081543,0,1,1,1,0,0,0,0]},{"type":7,"id":233480,"enabled":1,"class":17,"data":[[[[[15,233522,"PainterGame, Assembly-CSharp","SelectMask",3,[null,null,"UnityEngine.Object, UnityEngine",0,0,"",0],2]]]],[3,0,null,null,null,null,null,null,null,null],1,[1,1,1,1,0.960784316062927,0.960784316062927,0.960784316062927,1,0.7843137383461,0.7843137383461,0.7843137383461,1,0.960784316062927,0.960784316062927,0.960784316062927,1,0.7843137383461,0.7843137383461,0.7843137383461,0.501960813999176,1,0.100000001490116],[null,null,null,null,null,null,null,null],["Normal","Highlighted","Pressed","Selected","Disabled"],1,26,233476]}],"children":[{"id":233332,"path":"All","assetBundleId":0,"components":[{"type":22,"id":233334,"data":[0.5,0.5,0.5,0.5,0.5,0.5,515,351,0,0.0000152587890625,0,0,0,0,1,1,1,1]},{"type":27,"id":233338,"data":[1]},{"type":7,"id":233336,"enabled":1,"class":26,"data":[20,41628,0,0,1,4,1,1,0,0,1,null,null,1,1,1,1,1,1,0,0,0,0]}],"children":[],"data":["A",0,1,0,5]}],"data":["Image",0,1,0,5]},{"id":233386,"path":"All","assetBundleId":0,"components":[{"type":22,"id":233388,"data":[0.5,0.5,0,0,0,0,515,351,0,0,0,0,0,0,1,0.790000021457672,0.790000021457672,0.790000021457672]},{"type":27,"id":233392,"data":[1]},{"type":7,"id":233390,"enabled":1,"class":26,"data":[null,null,0,0,1,4,1,1,0,0,1,null,null,1,0.0615992546081543,0,1,1,1,0,0,0,0]},{"type":7,"id":233394,"enabled":1,"class":17,"data":[[[[[15,233522,"PainterGame, Assembly-CSharp","SelectMask",3,[null,null,"UnityEngine.Object, UnityEngine",1,0,"",0],2]]]],[3,0,null,null,null,null,null,null,null,null],1,[1,1,1,1,0.960784316062927,0.960784316062927,0.960784316062927,1,0.7843137383461,0.7843137383461,0.7843137383461,1,0.960784316062927,0.960784316062927,0.960784316062927,1,0.7843137383461,0.7843137383461,0.7843137383461,0.501960813999176,1,0.100000001490116],[null,null,null,null,null,null,null,null],["Normal","Highlighted","Pressed","Selected","Disabled"],1,26,233390]}],"children":[{"id":233464,"path":"All","assetBundleId":0,"components":[{"type":22,"id":233466,"data":[0.5,0.5,0.5,0.5,0.5,0.5,515,351,-0.000030517578125,0.0000152587890625,0,0,0,0,1,1,1,1]},{"type":27,"id":233470,"data":[1]},{"type":7,"id":233468,"enabled":1,"class":26,"data":[20,41626,0,0,1,4,1,1,0,0,1,null,null,1,1,1,1,1,1,0,0,0,0]}],"children":[],"data":["B",0,1,0,5]}],"data":["Image (1)",0,1,0,5]},{"id":233482,"path":"All","assetBundleId":0,"components":[{"type":22,"id":233484,"data":[0.5,0.5,0,0,0,0,515,351,0,0,0,0,0,0,1,0.790000021457672,0.790000021457672,0.790000021457672]},{"type":27,"id":233488,"data":[1]},{"type":7,"id":233486,"enabled":1,"class":26,"data":[null,null,0,0,1,4,1,1,0,0,1,null,null,1,0.0615992546081543,0,1,1,1,0,0,0,0]},{"type":7,"id":233490,"enabled":1,"class":17,"data":[[[[[15,233522,"PainterGame, Assembly-CSharp","SelectMask",3,[null,null,"UnityEngine.Object, UnityEngine",2,0,"",0],2]]]],[3,0,null,null,null,null,null,null,null,null],1,[1,1,1,1,0.960784316062927,0.960784316062927,0.960784316062927,1,0.7843137383461,0.7843137383461,0.7843137383461,1,0.960784316062927,0.960784316062927,0.960784316062927,1,0.7843137383461,0.7843137383461,0.7843137383461,0.501960813999176,1,0.100000001490116],[null,null,null,null,null,null,null,null],["Normal","Highlighted","Pressed","Selected","Disabled"],1,26,233486]}],"children":[{"id":233524,"path":"All","assetBundleId":0,"components":[{"type":22,"id":233526,"data":[0.5,0.5,0.5,0.5,0.5,0.5,515,351,0,0.0000152587890625,0,0,0,0,1,1,1,1]},{"type":27,"id":233530,"data":[1]},{"type":7,"id":233528,"enabled":1,"class":26,"data":[20,41630,0,0,1,4,1,1,0,0,1,null,null,1,1,1,1,1,1,0,0,0,0]}],"children":[],"data":["C",0,1,0,5]}],"data":["Image (2)",0,1,0,5]}],"data":["HorizontalGroup",0,1,0,5]},{"id":233422,"path":"All","assetBundleId":0,"components":[{"type":22,"id":233424,"data":[0.5,0,0,0,1,0,0,900,0,0,0,0,0,0,1,1,1,1]},{"type":7,"id":233426,"enabled":1,"class":28,"data":[0,1,0,0,0,0,0,0,0,0,0,0,4]}],"children":[{"id":233322,"path":"All","assetBundleId":0,"components":[{"type":22,"id":233324,"data":[0.5,0.5,0,0,0,0,300,300,0,0,0,0,0,0,1,1,1,1]},{"type":27,"id":233330,"data":[1]},{"type":7,"id":233328,"enabled":1,"class":26,"data":[20,25916,0,0,1,4,1,1,0,0,1,null,null,1,1,1,1,1,1,0,0,0,0]},{"type":7,"id":233326,"enabled":1,"class":17,"data":[[[[]]],[3,0,null,null,null,null,null,null,null,null],1,[1,1,1,1,0.960784316062927,0.960784316062927,0.960784316062927,1,0.7843137383461,0.7843137383461,0.7843137383461,1,0.960784316062927,0.960784316062927,0.960784316062927,1,0.7843137383461,0.7843137383461,0.7843137383461,0.501960813999176,1,0.100000001490116],[null,null,null,null,null,null,null,null],["Normal","Highlighted","Pressed","Selected","Disabled"],1,26,233328]}],"children":[],"data":["Blue",0,1,0,5]},{"id":233446,"path":"All","assetBundleId":0,"components":[{"type":22,"id":233448,"data":[0.5,0.5,0,0,0,0,300,300,0,0,0,0,0,0,1,1,1,1]},{"type":27,"id":233454,"data":[1]},{"type":7,"id":233452,"enabled":1,"class":26,"data":[20,25914,0,0,1,4,1,1,0,0,1,null,null,1,1,1,1,1,1,0,0,0,0]},{"type":7,"id":233450,"enabled":1,"class":17,"data":[[[[]]],[3,0,null,null,null,null,null,null,null,null],1,[1,1,1,1,0.960784316062927,0.960784316062927,0.960784316062927,1,0.7843137383461,0.7843137383461,0.7843137383461,1,0.960784316062927,0.960784316062927,0.960784316062927,1,0.7843137383461,0.7843137383461,0.7843137383461,0.501960813999176,1,0.100000001490116],[null,null,null,null,null,null,null,null],["Normal","Highlighted","Pressed","Selected","Disabled"],1,26,233452]}],"children":[],"data":["Yellow",0,1,0,5]},{"id":233360,"path":"All","assetBundleId":0,"components":[{"type":22,"id":233362,"data":[0.5,0.5,0,0,0,0,300,300,0,0,0,0,0,0,1,1,1,1]},{"type":27,"id":233368,"data":[1]},{"type":7,"id":233366,"enabled":1,"class":26,"data":[20,25898,0,0,1,4,1,1,0,0,1,null,null,1,1,1,1,1,1,0,0,0,0]},{"type":7,"id":233364,"enabled":1,"class":17,"data":[[[[]]],[3,0,null,null,null,null,null,null,null,null],1,[1,1,1,1,0.960784316062927,0.960784316062927,0.960784316062927,1,0.7843137383461,0.7843137383461,0.7843137383461,1,0.960784316062927,0.960784316062927,0.960784316062927,1,0.7843137383461,0.7843137383461,0.7843137383461,0.501960813999176,1,0.100000001490116],[null,null,null,null,null,null,null,null],["Normal","Highlighted","Pressed","Selected","Disabled"],1,26,233366]}],"children":[],"data":["Red",0,1,0,5]}],"data":["ButtonList",0,1,0,5]},{"id":233508,"path":"All","assetBundleId":0,"components":[{"type":22,"id":233510,"data":[0.5,0.5,0,0,1,1,0,0,0,0,0,0,0,0,1,1,1,1]},{"type":27,"id":233514,"data":[1]},{"type":7,"id":233512,"enabled":1,"class":26,"data":[null,null,0,0,1,4,1,1,0,0,1,null,null,1,0,0,0,0.376470595598221,1,0,0,0,0]}],"children":[],"data":["Mask Sprite",0,0,0,5]},{"id":233456,"path":"All","assetBundleId":0,"components":[{"type":22,"id":233458,"data":[0.5,0.5,0.5,0.5,0.5,0.5,1440,50,0,1105,0,0,0,0,1,1,1,1]},{"type":27,"id":233462,"data":[1]},{"type":7,"id":233460,"enabled":1,"class":29,"data":[0,null,null,0,0,0,0,"Draw A Face",0,30,25894,13,25896,[],null,null,[],255,255,255,255,1,1,1,1,0,3,[1,1,1,1,1,1,1,1,1,1,1,1,1,1,1,1],null,null,null,null,0,null,null,-1183493901,0,255,255,255,255,100,100,400,0,18,72,0,2,512,65535,0,0,0,0,0,0,1,0.400000005960464,0,null,null,null,null,1,0,0,1,1,1,0,0,0,0,0,0,0,1,1,0,0,0,0,0,0,null,null,1,1,1,1,1,1,0,0,0,0]}],"children":[],"data":["Text (TMP)",0,1,0,5]},{"id":233314,"path":"All","assetBundleId":0,"components":[{"type":22,"id":233316,"data":[0.5,0.5,0,0,1,1,0,0,0,0,0,0,0,0,1,1,1,1]},{"type":27,"id":233320,"data":[1]},{"type":7,"id":233318,"enabled":1,"class":26,"data":[null,null,0,0,1,4,1,1,0,0,1,null,null,1,0,0,0,0.623529434204102,1,0,0,0,0]}],"children":[{"id":233532,"path":"All","assetBundleId":0,"components":[{"type":22,"id":233534,"data":[0.5,0,0.5,0,0.5,0,600,300,0,150,0,0,0,0,1,1,1,1]},{"type":27,"id":233540,"data":[1]},{"type":7,"id":233538,"enabled":1,"class":26,"data":[null,null,0,0,1,4,1,1,0,0,1,null,null,1,1,1,1,1,1,0,0,0,0]},{"type":7,"id":233536,"enabled":1,"class":17,"data":[[[[[15,233522,"PainterGame, Assembly-CSharp","PlayAgain",1,[null,null,"UnityEngine.Object, UnityEngine",0,0,"",0],2]]]],[3,0,null,null,null,null,null,null,null,null],1,[1,1,1,1,0.960784316062927,0.960784316062927,0.960784316062927,1,0.7843137383461,0.7843137383461,0.7843137383461,1,0.960784316062927,0.960784316062927,0.960784316062927,1,0.7843137383461,0.7843137383461,0.7843137383461,0.501960813999176,1,0.100000001490116],[null,null,null,null,null,null,null,null],["Normal","Highlighted","Pressed","Selected","Disabled"],1,26,233538]}],"children":[{"id":233378,"path":"All","assetBundleId":0,"components":[{"type":22,"id":233380,"data":[0.5,0.5,0,0,1,1,0,0,0,0,0,0,0,0,1,1,1,1]},{"type":27,"id":233384,"data":[1]},{"type":7,"id":233382,"enabled":1,"class":29,"data":[0,null,null,0,0,0,0,"Download",0,30,25894,13,25896,[],null,null,[],0,0,0,255,0,0,0,1,0,3,[1,1,1,1,1,1,1,1,1,1,1,1,1,1,1,1],null,null,null,null,0,null,null,-1183493901,0,255,255,255,255,60,60,400,0,18,72,0,2,512,65535,0,0,0,0,0,0,1,0.400000005960464,0,null,null,null,null,1,0,0,1,1,1,0,0,0,0,0,0,0,1,1,0,0,0,0,0,0,null,null,1,1,1,1,1,1,0,0,0,0]}],"children":[],"data":["Text (TMP)",0,1,0,5]}],"data":["Image",0,1,0,5]}],"data":["CompleteUI",0,0,0,5]}],"data":["Canvas",0,1,0,5]},{"id":233396,"path":"All","assetBundleId":0,"components":[{"type":2,"id":233398,"data":[0,98.1999969482422,0,5.15000009536743,3.50999999046326,1,0,0,0,1]},{"type":10,"id":233404,"data":[11,762]},{"type":12,"id":233402,"data":[null,null,1,13,27922,[13,27922],1,1,0,0,-1,5,1,1,0,0,1,1]},{"type":14,"id":233400,"data":[1,0,null,null,11,762,0]}],"children":[],"data":["Quad",0,1,0,0]},{"id":233542,"path":"All","assetBundleId":0,"components":[{"type":2,"id":233544,"data":[0,98.1999969482422,-0.0299999993294477,5.15000009536743,3.50999999046326,1,0,0,0,1]},{"type":10,"id":233550,"data":[11,762]},{"type":12,"id":233548,"data":[null,null,1,13,-238554,[13,-238554],1,1,0,0,-1,5,1,1,0,0,1,1]},{"type":14,"id":233546,"data":[0,0,null,null,11,762,0]}],"children":[],"data":["MaskQuad",0,1,0,0]}],"data":["All",0,1,0,0]},{"id":233308,"path":"Esc2MainMenu","assetBundleId":0,"components":[{"type":2,"id":233312,"data":[-6.14583349227905,-3.26709032058716,-62.349910736084,1,1,1,0,0,0,1]},{"type":5,"id":233310,"enabled":1,"class":31,"data":[]}],"children":[],"data":["Esc2MainMenu",0,1,0,0]}],"render_settings":{"data":[1,1,0,0.211999997496605,0.226999998092651,0.25900000333786,1,0.211999997496605,0.226999998092651,0.25900000333786,1,0.0469999983906746,0.0430000014603138,0.0350000001490116,1,0.114000000059605,0.125,0.133000001311302,1,0.5,0.5,0.5,1,300,0,0.00999999977648258,0,13,25878,3,[],[[108,0],[108,0],[108,0],[108,0],[108,0],[108,0]],1,2,1,[0.0588745,0.005566271,0,0,0,2.328306e-10,0.004633084,0,0.01389932,0.2949413,0.003610137,0,5.820766e-11,0,-8.149073e-10,0.003192026,0,0.009576324,0.9713591,6.493504e-9,0,1.365058e-9,0,-5.997415e-9,-3.72529e-8,0,1.089254e-7],[0,0,0,0,0,0,0,0,0,0,0,0,0,0,0,0,0,0,0,0,0,0,0,0,0,0,0],0,null,null,32,217032,0,128,0,0,0,0,1]},"shaders":[48,32,298,398,43508,42512,148,30,400]}],"scriptable-objects":[{"id":25894,"path":"Assets/TextMesh Pro/Resources/Fonts & Materials/LiberationSans SDF.asset","name":"LiberationSans SDF","assetBundleId":-1,"class":30,"data":[231247347,13,25896,198912371,null,null,0,0,0.75,7,35,10,"1.1.0","e3265ab4bf004d28a9537516768c1c75",33,26074,null,null,0,[0,"Liberation Sans","Regular",86,1,0,98.8916015625,77.853515625,59,45,0,-18.224609375,77.853515625,0.5,-18.224609375,0.5,-12.26171875,6.298828125,18,6.298828125,24],[[3,[0,0,0,0,24],[0,0,0,0],1,0,0],[4,[9,59,9,59,28],[555,816,9,59],1,0,0],[5,[25,19,3,59,31],[775,922,25,19],1,0,0],[6,[48,59,0,59,48],[471,170,48,59],1,0,0],[7,[47,70,0,64,48],[161,212,47,70],1,0,0],[8,[70,61,3,60,76],[409,10,70,61],1,0,0],[9,[53,61,3,60,57],[437,90,53,61],1,0,0],[10,[8,19,4,59,16],[975,961,8,19],1,0,0],[11,[24,80,5,62,29],[146,673,24,80],1,0,0],[12,[24,80,0,62,29],[189,671,24,80],1,0,0],[13,[31,30,1,59,33],[495,984,31,30],1,0,0],[14,[42,43,4,50,50],[972,330,42,43],1,0,0],[15,[10,20,7,9,24],[583,992,10,20],1,0,0],[16,[23,7,3,26,29],[399,925,23,7],1,0,0],[17,[10,9,7,9,24],[657,958,10,9],1,0,0],[18,[24,63,0,62,24],[695,409,24,63],1,0,0],[19,[42,61,3,60,48],[532,249,42,61],1,0,0],[20,[38,59,6,59,48],[915,501,38,59],1,0,0],[21,[40,60,4,60,48],[596,329,40,60],1,0,0],[22,[42,61,3,60,48],[417,503,42,61],1,0,0],[23,[45,59,1,59,48],[725,252,45,59],1,0,0],[24,[42,60,3,59,48],[724,330,42,60],1,0,0],[25,[41,61,4,60,48],[912,262,41,61],1,0,0],[26,[40,59,4,59,48],[438,830,40,59],1,0,0],[27,[42,61,3,60,48],[733,648,42,61],1,0,0],[28,[40,61,4,60,48],[856,484,40,61],1,0,0],[29,[10,45,7,45,24],[897,819,10,45],1,0,0],[30,[10,57,7,45,24],[429,287,10,57],1,0,0],[31,[42,43,4,50,50],[846,341,42,43],1,0,0],[32,[42,29,4,42,50],[227,281,42,29],1,0,0],[33,[42,43,4,50,50],[972,392,42,43],1,0,0],[34,[42,60,3,60,48],[733,728,42,60],1,0,0],[35,[74,74,6,62,87],[10,10,74,74],1,0,0],[36,[57,59,0,59,57],[828,103,57,59],1,0,0],[37,[46,59,7,59,57],[542,486,46,59],1,0,0],[38,[55,61,4,60,62],[509,88,55,61],1,0,0],[39,[51,59,7,59,62],[655,252,51,59],1,0,0],[40,[47,59,7,59,57],[629,409,47,59],1,0,0],[41,[43,59,7,59,53],[789,259,43,59],1,0,0],[42,[57,61,4,60,67],[904,103,57,61],1,0,0],[43,[48,59,7,59,62],[495,407,48,59],1,0,0],[44,[9,59,7,59,24],[552,919,9,59],1,0,0],[45,[36,60,1,59,43],[797,569,36,60],1,0,0],[46,[50,59,7,59,57],[458,326,50,59],1,0,0],[47,[39,59,7,59,48],[497,816,39,59],1,0,0],[48,[59,59,6,59,71],[97,955,59,59],1,0,0],[49,[48,59,7,59,62],[562,408,48,59],1,0,0],[50,[59,61,4,60,67],[583,89,59,61],1,0,0],[51,[46,59,7,59,57],[669,491,46,59],1,0,0],[52,[59,76,4,60,67],[10,103,59,76],1,0,0],[53,[52,59,7,59,62],[461,248,52,59],1,0,0],[54,[51,61,3,60,57],[288,273,51,61],1,0,0],[55,[50,59,1,59,52],[527,329,50,59],1,0,0],[56,[50,60,6,59,62],[655,330,50,60],1,0,0],[57,[57,59,0,59,57],[273,195,57,59],1,0,0],[58,[85,59,0,59,85],[103,10,85,59],1,0,0],[59,[56,59,1,59,58],[175,955,56,59],1,0,0],[60,[54,59,1,59,56],[582,169,54,59],1,0,0],[61,[49,59,2,59,53],[427,404,49,59],1,0,0],[62,[18,80,6,62,24],[232,671,18,80],1,0,0],[63,[24,63,0,62,24],[375,951,24,63],1,0,0],[64,[18,80,0,62,24],[223,393,18,80],1,0,0],[65,[38,31,0,59,38],[630,870,38,31],1,0,0],[66,[51,6,-2,-12,48],[497,894,51,6],1,0,0],[67,[19,13,4,63,29],[456,997,19,13],1,0,0],[68,[45,47,3,46,48],[669,648,45,47],1,0,0],[69,[40,63,5,62,48],[738,409,40,63],1,0,0],[70,[38,47,3,46,43],[908,579,38,47],1,0,0],[71,[40,63,3,62,48],[797,403,40,63],1,0,0],[72,[42,47,3,46,48],[785,337,42,47],1,0,0],[73,[25,62,1,62,25],[538,168,25,62],1,0,0],[74,[40,64,3,46,48],[86,872,40,64],1,0,0],[75,[38,62,5,62,48],[430,666,38,62],1,0,0],[76,[9,62,5,62,19],[852,567,9,62],1,0,0],[77,[17,80,-3,62,20],[145,773,17,80],1,0,0],[78,[40,62,5,62,44],[856,403,40,62],1,0,0],[79,[9,62,5,62,19],[880,564,9,62],1,0,0],[80,[64,46,5,46,74],[378,222,64,46],1,0,0],[81,[38,46,5,46,48],[630,805,38,46],1,0,0],[82,[42,47,3,46,48],[972,264,42,47],1,0,0],[83,[40,64,5,46,48],[145,872,40,64],1,0,0],[84,[40,64,3,46,48],[329,666,40,64],1,0,0],[85,[23,46,5,46,29],[926,816,23,46],1,0,0],[86,[38,47,2,46,43],[956,740,38,47],1,0,0],[87,[23,56,1,55,24],[388,672,23,56],1,0,0],[88,[38,46,5,45,48],[495,919,38,46],1,0,0],[89,[43,45,0,45,43],[226,329,43,45],1,0,0],[90,[63,45,-1,45,61],[655,188,63,45],1,0,0],[91,[43,45,0,45,43],[737,188,43,45],1,0,0],[92,[41,63,0,45,41],[609,640,41,63],1,0,0],[93,[35,45,3,45,42],[968,806,35,45],1,0,0],[94,[27,80,1,62,29],[164,113,27,80],1,0,0],[95,[8,80,7,62,22],[181,772,8,80],1,0,0],[96,[27,80,1,62,29],[227,182,27,80],1,0,0],[97,[44,11,3,34,50],[333,832,44,11],1,0,0],[98,[0,0,0,0,24],[0,0,0,0],1,0,0],[99,[10,59,9,45,28],[349,195,10,59],1,0,0],[100,[38,60,5,59,48],[915,422,38,60],1,0,0],[101,[45,60,2,60,48],[669,569,45,60],1,0,0],[102,[40,40,4,48,48],[733,807,40,40],1,0,0],[103,[50,59,-1,59,48],[358,357,50,59],1,0,0],[104,[8,80,7,62,22],[306,766,8,80],1,0,0],[105,[40,69,4,62,48],[223,492,40,69],1,0,0],[106,[25,8,1,59,29],[931,961,25,8],1,0,0],[107,[61,61,1,60,63],[277,90,61,61],1,0,0],[108,[32,33,1,60,32],[784,870,32,33],1,0,0],[109,[42,34,3,39,48],[972,454,42,34],1,0,0],[110,[42,24,4,32,50],[972,560,42,24],1,0,0],[111,[23,7,3,26,29],[583,890,23,7],1,0,0],[112,[61,61,1,60,63],[357,90,61,61],1,0,0],[113,[50,4,-1,65,48],[862,961,50,4],1,0,0],[114,[24,24,5,60,34],[687,906,24,24],1,0,0],[115,[43,52,2,52,47],[607,487,43,52],1,0,0],[116,[27,36,1,60,29],[792,815,27,36],1,0,0],[117,[27,37,1,60,29],[687,796,27,37],1,0,0],[118,[19,13,3,63,29],[545,997,19,13],1,0,0],[119,[43,63,5,45,50],[593,247,43,63],1,0,0],[120,[40,70,3,59,46],[208,770,40,70],1,0,0],[121,[10,10,9,28,29],[996,932,10,10],1,0,0],[122,[16,18,5,0,29],[622,958,16,18],1,0,0],[123,[24,35,3,59,29],[687,852,24,35],1,0,0],[124,[29,33,1,60,31],[835,877,29,33],1,0,0],[125,[42,34,3,39,48],[972,507,42,34],1,0,0],[126,[67,59,2,59,72],[498,10,67,59],1,0,0],[127,[68,59,2,59,72],[10,955,68,59],1,0,0],[128,[66,60,3,60,72],[584,10,66,60],1,0,0],[129,[43,60,5,45,53],[903,183,43,60],1,0,0],[130,[57,74,0,74,57],[829,10,57,74],1,0,0],[131,[57,74,0,74,57],[905,10,57,74],1,0,0],[132,[57,75,0,75,57],[10,673,57,75],1,0,0],[133,[57,75,0,75,57],[10,767,57,75],1,0,0],[134,[57,72,0,72,57],[88,113,57,72],1,0,0],[135,[57,75,0,75,57],[10,861,57,75],1,0,0],[136,[82,59,1,59,86],[207,10,82,59],1,0,0],[137,[55,78,4,60,62],[10,576,55,78],1,0,0],[138,[47,74,7,74,57],[84,580,47,74],1,0,0],[139,[47,74,7,74,57],[157,487,47,74],1,0,0],[140,[47,75,7,75,57],[157,393,47,75],1,0,0],[141,[47,72,7,72,57],[150,580,47,72],1,0,0],[142,[19,74,0,74,24],[227,859,19,74],1,0,0],[143,[19,74,5,74,24],[265,859,19,74],1,0,0],[144,[28,75,-2,75,24],[981,10,28,75],1,0,0],[145,[25,72,0,72,24],[216,580,25,72],1,0,0],[146,[58,59,0,59,62],[751,102,58,59],1,0,0],[147,[48,75,7,75,62],[210,88,48,75],1,0,0],[148,[59,75,4,74,67],[10,388,59,75],1,0,0],[149,[59,75,4,74,67],[10,482,59,75],1,0,0],[150,[59,76,4,75,67],[10,198,59,76],1,0,0],[151,[59,76,4,75,67],[10,293,59,76],1,0,0],[152,[59,73,4,72,67],[751,10,59,73],1,0,0],[153,[40,39,5,48,50],[838,819,40,39],1,0,0],[154,[63,65,2,62,67],[669,10,63,65],1,0,0],[155,[50,75,6,74,62],[88,392,50,75],1,0,0],[156,[50,75,6,74,62],[88,486,50,75],1,0,0],[157,[50,76,6,75,62],[88,297,50,76],1,0,0],[158,[50,73,6,72,62],[157,301,50,73],1,0,0],[159,[54,74,1,74,56],[88,204,54,74],1,0,0],[160,[46,59,7,59,57],[734,491,46,59],1,0,0],[161,[44,63,6,62,53],[545,564,44,63],1,0,0],[162,[45,64,3,63,48],[324,583,45,64],1,0,0],[163,[45,64,3,63,48],[333,749,45,64],1,0,0],[164,[45,63,3,62,48],[478,485,45,63],1,0,0],[165,[45,62,3,61,48],[250,952,45,62],1,0,0],[166,[45,60,3,59,48],[733,569,45,60],1,0,0],[167,[45,71,3,70,48],[260,580,45,71],1,0,0],[168,[71,47,2,46,76],[661,94,71,47],1,0,0],[169,[38,64,3,46,43],[427,583,38,64],1,0,0],[170,[42,64,3,63,48],[436,747,42,64],1,0,0],[171,[42,64,3,63,48],[484,567,42,64],1,0,0],[172,[42,63,3,62,48],[608,558,42,63],1,0,0],[173,[42,60,3,59,48],[851,262,42,60],1,0,0],[174,[19,63,0,63,24],[838,737,19,63],1,0,0],[175,[19,63,6,63,24],[418,951,19,63],1,0,0],[176,[29,62,-2,62,24],[980,104,29,62],1,0,0],[177,[25,59,0,59,24],[794,737,25,59],1,0,0],[178,[42,64,3,63,48],[487,650,42,64],1,0,0],[179,[38,61,5,61,48],[915,342,38,61],1,0,0],[180,[42,64,3,63,48],[548,646,42,64],1,0,0],[181,[42,64,3,63,48],[497,733,42,64],1,0,0],[182,[42,63,3,62,48],[672,714,42,63],1,0,0],[183,[42,62,3,61,48],[314,952,42,62],1,0,0],[184,[42,60,3,59,48],[972,185,42,60],1,0,0],[185,[43,39,2,48,47],[965,603,43,39],1,0,0],[186,[50,49,1,47,53],[357,435,50,49],1,0,0],[187,[38,64,5,63,48],[558,729,38,64],1,0,0],[188,[38,64,5,63,48],[615,722,38,64],1,0,0],[189,[38,63,5,62,48],[799,485,38,63],1,0,0],[190,[38,60,5,59,48],[956,661,38,60],1,0,0],[191,[41,81,0,63,41],[86,673,41,81],1,0,0],[192,[40,80,5,62,48],[86,773,40,80],1,0,0],[193,[41,77,0,59,41],[269,670,41,77],1,0,0],[1997,[0,0,0,0,43],[0,0,0,0],1,0,0],[1998,[0,0,0,0,86],[0,0,0,0],1,0,0],[1999,[0,0,0,0,43],[0,0,0,0],1,0,0],[2000,[0,0,0,0,86],[0,0,0,0],1,0,0],[2001,[0,0,0,0,29],[0,0,0,0],1,0,0],[2002,[0,0,0,0,22],[0,0,0,0],1,0,0],[2003,[0,0,0,0,14],[0,0,0,0],1,0,0],[2004,[0,0,0,0,48],[0,0,0,0],1,0,0],[2005,[0,0,0,0,24],[0,0,0,0],1,0,0],[2006,[0,0,0,0,17],[0,0,0,0],1,0,0],[2007,[0,0,0,0,7],[0,0,0,0],1,0,0],[2008,[0,0,0,0,0],[0,0,0,0],1,0,0],[2009,[4,65,-2,54,0],[204,871,4,65],1,0,0],[2010,[20,70,-10,59,0],[267,770,20,70],1,0,0],[2011,[21,70,-2,59,0],[260,393,21,70],1,0,0],[2012,[21,70,-19,59,0],[282,482,21,70],1,0,0],[2013,[48,6,0,25,48],[862,936,48,6],1,0,0],[2014,[48,6,0,25,48],[929,936,48,6],1,0,0],[2015,[86,6,0,25,86],[103,88,86,6],1,0,0],[2016,[86,6,0,25,86],[277,170,86,6],1,0,0],[2017,[22,62,7,62,36],[862,181,22,62],1,0,0],[2018,[51,15,-2,-4,48],[288,353,51,15],1,0,0],[2019,[9,19,5,59,19],[612,995,9,19],1,0,0],[2020,[9,19,5,59,19],[640,995,9,19],1,0,0],[2021,[9,19,5,8,19],[1002,961,9,19],1,0,0],[2022,[9,19,5,59,19],[686,949,9,19],1,0,0],[2023,[23,19,3,59,29],[967,894,23,19],1,0,0],[2024,[23,19,3,59,29],[580,916,23,19],1,0,0],[2025,[23,19,3,8,29],[580,954,23,19],1,0,0],[2026,[22,19,3,59,29],[622,920,22,19],1,0,0],[2027,[38,68,5,62,48],[303,865,38,68],1,0,0],[2028,[38,68,5,62,48],[300,387,38,68],1,0,0],[2029,[24,23,3,40,30],[819,929,24,23],1,0,0],[2030,[64,9,11,9,86],[661,160,64,9],1,0,0],[2031,[21,63,-2,52,0],[876,737,21,63],1,0,0],[2032,[21,63,-19,52,0],[916,734,21,63],1,0,0],[2033,[20,70,-10,59,0],[388,583,20,70],1,0,0],[2034,[20,70,-10,59,0],[397,747,20,70],1,0,0],[2035,[20,70,-10,59,0],[360,862,20,70],1,0,0],[2036,[0,0,0,0,17],[0,0,0,0],1,0,0],[2037,[82,61,2,60,86],[308,10,82,61],1,0,0],[2038,[12,22,3,59,16],[427,363,12,22],1,0,0],[2039,[26,22,3,59,30],[730,907,26,22],1,0,0],[2040,[35,22,-4,59,30],[730,866,35,22],1,0,0],[2041,[23,34,3,39,29],[883,883,23,34],1,0,0],[2042,[23,34,3,39,29],[925,883,23,34],1,0,0],[2043,[28,59,9,59,43],[583,812,28,59],1,0,0],[2044,[35,5,-3,68,29],[968,870,35,5],1,0,0],[2045,[44,59,-18,59,14],[799,181,44,59],1,0,0],[2046,[10,62,7,62,24],[322,474,10,62],1,0,0],[2047,[20,70,-10,59,0],[399,836,20,70],1,0,0],[2048,[20,70,-10,59,0],[794,648,20,70],1,0,0],[2049,[22,70,-11,59,0],[833,648,22,70],1,0,0],[2050,[22,70,-11,59,0],[874,648,22,70],1,0,0],[2051,[22,70,-11,59,0],[915,645,22,70],1,0,0],[2052,[20,70,-10,59,0],[456,908,20,70],1,0,0],[2075,[47,61,0,60,48],[351,503,47,61],1,0,0],[2090,[70,33,7,59,86],[382,170,70,33],1,0,0],[2179,[52,51,0,51,52],[358,287,52,51],1,0,0]],[[1,32,3,1],[1,33,4,1],[1,34,5,1],[1,35,6,1],[1,36,7,1],[1,37,8,1],[1,38,9,1],[1,39,10,1],[1,40,11,1],[1,41,12,1],[1,42,13,1],[1,43,14,1],[1,44,15,1],[1,45,16,1],[1,46,17,1],[1,47,18,1],[1,48,19,1],[1,49,20,1],[1,50,21,1],[1,51,22,1],[1,52,23,1],[1,53,24,1],[1,54,25,1],[1,55,26,1],[1,56,27,1],[1,57,28,1],[1,58,29,1],[1,59,30,1],[1,60,31,1],[1,61,32,1],[1,62,33,1],[1,63,34,1],[1,64,35,1],[1,65,36,1],[1,66,37,1],[1,67,38,1],[1,68,39,1],[1,69,40,1],[1,70,41,1],[1,71,42,1],[1,72,43,1],[1,73,44,1],[1,74,45,1],[1,75,46,1],[1,76,47,1],[1,77,48,1],[1,78,49,1],[1,79,50,1],[1,80,51,1],[1,81,52,1],[1,82,53,1],[1,83,54,1],[1,84,55,1],[1,85,56,1],[1,86,57,1],[1,87,58,1],[1,88,59,1],[1,89,60,1],[1,90,61,1],[1,91,62,1],[1,92,63,1],[1,93,64,1],[1,94,65,1],[1,95,66,1],[1,96,67,1],[1,97,68,1],[1,98,69,1],[1,99,70,1],[1,100,71,1],[1,101,72,1],[1,102,73,1],[1,103,74,1],[1,104,75,1],[1,105,76,1],[1,106,77,1],[1,107,78,1],[1,108,79,1],[1,109,80,1],[1,110,81,1],[1,111,82,1],[1,112,83,1],[1,113,84,1],[1,114,85,1],[1,115,86,1],[1,116,87,1],[1,117,88,1],[1,118,89,1],[1,119,90,1],[1,120,91,1],[1,121,92,1],[1,122,93,1],[1,123,94,1],[1,124,95,1],[1,125,96,1],[1,126,97,1],[1,160,98,1],[1,161,99,1],[1,162,100,1],[1,163,101,1],[1,164,102,1],[1,165,103,1],[1,166,104,1],[1,167,105,1],[1,168,106,1],[1,169,107,1],[1,170,108,1],[1,171,109,1],[1,172,110,1],[1,173,111,1],[1,174,112,1],[1,175,113,1],[1,176,114,1],[1,177,115,1],[1,178,116,1],[1,179,117,1],[1,180,118,1],[1,181,119,1],[1,182,120,1],[1,183,121,1],[1,184,122,1],[1,185,123,1],[1,186,124,1],[1,187,125,1],[1,188,126,1],[1,189,127,1],[1,190,128,1],[1,191,129,1],[1,192,130,1],[1,193,131,1],[1,194,132,1],[1,195,133,1],[1,196,134,1],[1,197,135,1],[1,198,136,1],[1,199,137,1],[1,200,138,1],[1,201,139,1],[1,202,140,1],[1,203,141,1],[1,204,142,1],[1,205,143,1],[1,206,144,1],[1,207,145,1],[1,208,146,1],[1,209,147,1],[1,210,148,1],[1,211,149,1],[1,212,150,1],[1,213,151,1],[1,214,152,1],[1,215,153,1],[1,216,154,1],[1,217,155,1],[1,218,156,1],[1,219,157,1],[1,220,158,1],[1,221,159,1],[1,222,160,1],[1,223,161,1],[1,224,162,1],[1,225,163,1],[1,226,164,1],[1,227,165,1],[1,228,166,1],[1,229,167,1],[1,230,168,1],[1,231,169,1],[1,232,170,1],[1,233,171,1],[1,234,172,1],[1,235,173,1],[1,236,174,1],[1,237,175,1],[1,238,176,1],[1,239,177,1],[1,240,178,1],[1,241,179,1],[1,242,180,1],[1,243,181,1],[1,244,182,1],[1,245,183,1],[1,246,184,1],[1,247,185,1],[1,248,186,1],[1,249,187,1],[1,250,188,1],[1,251,189,1],[1,252,190,1],[1,253,191,1],[1,254,192,1],[1,255,193,1],[1,8192,1997,1],[1,8193,1998,1],[1,8194,1999,1],[1,8195,2000,1],[1,8196,2001,1],[1,8197,2002,1],[1,8198,2003,1],[1,8199,2004,1],[1,8200,2005,1],[1,8201,2006,1],[1,8202,2007,1],[1,8203,2008,1],[1,8204,2009,1],[1,8205,2010,1],[1,8206,2011,1],[1,8207,2012,1],[1,8210,2013,1],[1,8211,2014,1],[1,8212,2015,1],[1,8213,2016,1],[1,8214,2017,1],[1,8215,2018,1],[1,8216,2019,1],[1,8217,2020,1],[1,8218,2021,1],[1,8219,2022,1],[1,8220,2023,1],[1,8221,2024,1],[1,8222,2025,1],[1,8223,2026,1],[1,8224,2027,1],[1,8225,2028,1],[1,8226,2029,1],[1,8230,2030,1],[1,8234,2031,1],[1,8235,2032,1],[1,8236,2033,1],[1,8237,2034,1],[1,8238,2035,1],[1,8239,2036,1],[1,8240,2037,1],[1,8242,2038,1],[1,8243,2039,1],[1,8244,2040,1],[1,8249,2041,1],[1,8250,2042,1],[1,8252,2043,1],[1,8254,2044,1],[1,8260,2045,1],[1,8286,2046,1],[1,8298,2047,1],[1,8299,2048,1],[1,8300,2049,1],[1,8301,2050,1],[1,8302,2051,1],[1,8303,2052,1],[1,8364,2075,1],[1,8482,2090,1],[1,9633,2179,1]],[1,26072],0,0,0,[[0,0,93,93],[93,0,104,78],[197,0,101,78],[298,0,101,80],[0,93,78,95],[0,188,78,95],[0,283,78,95],[0,378,78,94],[0,472,78,94],[0,566,74,97],[399,0,89,80],[0,663,76,94],[0,757,76,94],[0,851,76,94],[0,945,87,78],[488,0,86,78],[574,0,85,79],[659,0,82,84],[741,0,78,92],[819,0,76,93],[895,0,76,93],[971,0,47,94],[93,78,105,25],[78,103,76,91],[78,194,73,93],[78,287,69,95],[78,382,69,94],[78,476,69,94],[74,570,66,93],[76,663,60,100],[76,763,59,99],[76,862,59,83],[87,945,78,78],[154,103,46,99],[200,78,67,94],[151,202,66,89],[147,291,69,92],[147,383,66,94],[147,477,66,93],[140,570,66,91],[267,80,80,80],[347,80,80,80],[427,80,72,80],[499,78,74,80],[573,79,78,80],[651,84,90,66],[741,92,77,78],[818,93,76,78],[894,93,76,80],[970,94,48,81],[267,160,105,25],[217,172,46,99],[263,185,76,78],[372,160,89,52],[339,185,29,78],[368,212,83,65],[136,663,43,99],[179,661,43,99],[206,570,44,91],[222,661,37,99],[213,383,37,99],[213,482,59,88],[250,570,64,90],[259,660,60,96],[135,763,36,99],[135,862,59,83],[165,945,75,78],[171,762,27,99],[198,760,59,89],[194,861,23,84],[217,849,38,93],[240,942,64,81],[255,849,38,93],[257,760,39,89],[296,756,27,99],[293,855,57,87],[304,942,61,81],[651,150,83,28],[461,160,67,78],[528,158,44,81],[572,159,73,78],[645,178,82,64],[451,238,71,78],[522,239,61,80],[583,237,62,82],[645,242,70,78],[216,319,62,64],[217,271,61,48],[278,263,70,80],[250,383,40,89],[348,277,71,70],[278,343,70,34],[290,377,57,87],[419,277,29,76],[448,316,69,78],[517,319,69,78],[586,319,59,79],[645,320,69,79],[348,347,69,78],[417,353,31,41],[347,425,69,68],[417,394,68,78],[485,397,67,78],[552,398,67,78],[619,399,66,78],[685,399,43,82],[272,472,40,89],[312,464,29,81],[341,493,66,80],[314,573,64,83],[319,656,59,83],[323,739,64,83],[378,573,39,89],[378,662,42,75],[387,737,39,89],[407,493,61,80],[417,573,57,83],[420,656,57,81],[426,737,61,83],[468,475,64,82],[474,557,61,83],[477,640,61,83],[532,476,65,78],[535,554,63,82],[538,636,61,83],[487,723,61,83],[548,719,57,83],[597,477,62,71],[598,548,61,82],[599,630,60,82],[605,712,57,83],[659,481,65,78],[659,559,64,79],[659,638,64,66],[662,704,61,82],[714,320,61,79],[715,242,64,78],[728,399,59,82],[724,481,65,78],[723,559,64,79],[723,638,61,80],[723,718,61,79],[727,178,62,64],[789,171,63,78],[779,249,62,78],[775,327,61,66],[787,393,59,82],[789,475,57,82],[852,171,41,81],[893,173,62,79],[841,252,61,79],[902,252,60,80],[962,175,61,79],[962,254,61,66],[962,320,61,62],[836,331,61,62],[846,393,59,81],[846,474,59,80],[905,332,57,80],[962,382,61,62],[905,412,57,79],[962,444,61,53],[905,491,57,78],[962,497,61,53],[962,550,61,43],[323,822,63,30],[350,852,39,89],[365,941,43,82],[389,826,39,89],[428,820,59,78],[487,806,58,78],[784,638,39,89],[787,559,55,79],[784,727,44,78],[823,638,41,89],[828,727,38,82],[842,557,28,81],[870,554,28,81],[898,569,57,66],[955,593,62,58],[864,638,41,89],[905,635,41,89],[946,651,57,79],[866,727,40,82],[906,724,40,82],[946,730,57,66],[389,915,42,26],[408,941,38,82],[446,898,39,89],[545,806,28,78],[573,802,47,78],[620,795,57,65],[677,786,46,56],[723,797,59,59],[782,805,46,55],[828,809,59,58],[487,884,70,25],[485,909,57,65],[485,974,50,49],[542,909,28,78],[887,809,29,64],[916,806,42,65],[958,796,54,64],[620,860,57,50],[677,842,43,54],[720,856,54,41],[774,860,51,52],[825,867,48,52],[873,873,42,53],[446,987,38,32],[958,860,54,24],[535,987,38,32],[677,896,43,43],[720,897,45,41],[765,912,44,38],[809,919,43,42],[852,926,67,25],[852,951,69,23],[915,873,42,53],[957,884,42,38],[919,926,67,25],[921,951,44,27],[965,951,27,38],[573,880,42,26],[570,906,42,38],[570,944,42,38],[612,910,41,38],[612,948,35,37],[573,982,29,39],[602,985,28,38],[630,985,28,38],[986,922,29,29],[992,951,28,38],[647,948,29,28],[676,939,28,38]],[[78,93,15,10],[74,566,4,4],[198,78,2,25],[151,194,3,8],[147,287,4,4],[267,78,31,2],[488,78,11,2],[573,78,1,1],[651,79,8,5],[818,92,1,1],[970,93,1,1],[200,172,17,30],[263,172,4,13],[368,185,4,27],[140,661,39,2],[250,660,9,1],[136,762,35,1],[179,760,19,2],[171,861,23,1],[198,849,19,12],[217,942,23,3],[259,756,37,4],[293,849,3,6],[499,158,29,2],[572,158,1,1],[645,159,6,19],[451,212,10,26],[522,238,6,1],[572,237,11,2],[216,291,1,28],[263,263,15,8],[348,263,20,14],[278,377,12,6],[448,277,3,39],[517,316,5,3],[417,347,2,6],[347,377,1,48],[485,394,32,3],[552,397,34,1],[619,398,26,1],[250,472,22,10],[290,464,22,8],[272,561,69,9],[341,464,6,29],[312,545,29,25],[314,545,27,28],[314,656,5,4],[319,739,4,17],[378,737,9,2],[416,425,1,68],[417,656,3,6],[416,472,69,3],[416,472,52,21],[468,557,6,16],[474,640,3,16],[532,475,20,1],[532,554,3,3],[535,636,3,4],[477,723,10,14],[538,719,10,4],[597,476,22,1],[597,548,1,6],[598,630,1,6],[599,712,6,7],[659,477,26,4],[659,704,3,8],[734,150,7,28],[734,170,84,1],[734,170,55,8],[779,242,10,7],[775,320,4,7],[775,393,12,6],[787,475,2,6],[893,171,1,2],[841,249,11,3],[1018,0,5,175],[955,173,15,2],[955,173,7,79],[836,327,5,4],[897,331,5,62],[897,332,8,61],[386,822,1,30],[323,852,27,3],[350,941,15,1],[386,826,3,26],[426,820,2,6],[789,557,53,2],[846,554,24,3],[898,554,7,15],[955,569,7,24],[870,635,35,3],[946,635,9,16],[905,724,1,3],[428,898,18,17],[431,898,15,43],[548,802,25,4],[605,795,15,7],[662,786,15,9],[782,797,2,8],[485,898,2,11],[906,806,10,3],[1003,651,20,145],[946,796,12,10],[720,842,3,14],[774,856,8,4],[825,860,3,7],[873,867,14,6],[446,1019,39,4],[484,987,1,36],[535,974,7,13],[765,897,9,15],[720,938,45,85],[809,912,16,7],[852,919,21,7],[916,871,42,2],[957,871,1,13],[557,884,16,22],[557,884,13,25],[615,880,5,30],[612,906,8,4],[535,1019,38,4],[570,982,3,5],[535,1021,67,2],[602,982,10,3],[647,978,318,7],[658,978,307,45],[658,989,365,34],[1012,651,11,271],[999,884,24,38],[957,922,29,4],[1017,593,6,358],[1020,593,3,430],[1015,651,8,300],[653,910,24,29],[653,910,23,38],[704,939,61,84],[704,950,105,73],[704,961,148,62],[647,977,274,8],[647,976,29,9],[658,977,263,46],[658,976,18,47],[704,974,217,49]],["Liberation Sans",86,1,250,98.90625,0,77.84375,59.1875,-18.21875,0,77.84375,-12.26171875,0.5,-12.26171875,6.298828125,23.6749992370605,0,239.0625,9,1024,1024],1024,1024,9,4169,[],[[]],[[[[3,[0,0,-4.75,0]],[36,[0,0,0,0]],0],[[3,[0,0,-1.546875,0]],[55,[0,0,0,0]],0],[[3,[0,0,-1.546875,0]],[60,[0,0,0,0]],0],[[20,[0,0,-6.390625,0]],[20,[0,0,0,0]],0],[[36,[0,0,-4.75,0]],[3,[0,0,0,0]],0],[[36,[0,0,-6.390625,0]],[55,[0,0,0,0]],0],[[36,[0,0,-6.390625,0]],[57,[0,0,0,0]],0],[[36,[0,0,-3.1875,0]],[58,[0,0,0,0]],0],[[36,[0,0,-6.390625,0]],[60,[0,0,0,0]],0],[[36,[0,0,-1.546875,0]],[89,[0,0,0,0]],0],[[36,[0,0,-1.546875,0]],[90,[0,0,0,0]],0],[[36,[0,0,-1.546875,0]],[92,[0,0,0,0]],0],[[36,[0,0,-6.390625,0]],[2020,[0,0,0,0]],0],[[41,[0,0,-9.53125,0]],[15,[0,0,0,0]],0],[[41,[0,0,-9.53125,0]],[17,[0,0,0,0]],0],[[41,[0,0,-4.75,0]],[36,[0,0,0,0]],0],[[47,[0,0,-3.1875,0]],[3,[0,0,0,0]],0],[[47,[0,0,-6.390625,0]],[55,[0,0,0,0]],0],[[47,[0,0,-6.390625,0]],[57,[0,0,0,0]],0],[[47,[0,0,-6.390625,0]],[58,[0,0,0,0]],0],[[47,[0,0,-6.390625,0]],[60,[0,0,0,0]],0],[[47,[0,0,-3.1875,0]],[92,[0,0,0,0]],0],[[47,[0,0,-4.75,0]],[2020,[0,0,0,0]],0],[[51,[0,0,-1.546875,0]],[3,[0,0,0,0]],0],[[51,[0,0,-11.09375,0]],[15,[0,0,0,0]],0],[[51,[0,0,-11.09375,0]],[17,[0,0,0,0]],0],[[51,[0,0,-6.390625,0]],[36,[0,0,0,0]],0],[[53,[0,0,-1.546875,0]],[55,[0,0,0,0]],0],[[53,[0,0,-1.546875,0]],[57,[0,0,0,0]],0],[[53,[0,0,-1.546875,0]],[58,[0,0,0,0]],0],[[53,[0,0,-1.546875,0]],[60,[0,0,0,0]],0],[[55,[0,0,-1.546875,0]],[3,[0,0,0,0]],0],[[55,[0,0,-9.53125,0]],[15,[0,0,0,0]],0],[[55,[0,0,-4.75,0]],[16,[0,0,0,0]],0],[[55,[0,0,-9.53125,0]],[17,[0,0,0,0]],0],[[55,[0,0,-9.53125,0]],[29,[0,0,0,0]],0],[[55,[0,0,-9.53125,0]],[30,[0,0,0,0]],0],[[55,[0,0,-6.390625,0]],[36,[0,0,0,0]],0],[[55,[0,0,-1.546875,0]],[50,[0,0,0,0]],0],[[55,[0,0,-9.53125,0]],[68,[0,0,0,0]],0],[[55,[0,0,-9.53125,0]],[70,[0,0,0,0]],0],[[55,[0,0,-9.53125,0]],[72,[0,0,0,0]],0],[[55,[0,0,-3.1875,0]],[76,[0,0,0,0]],0],[[55,[0,0,-9.53125,0]],[82,[0,0,0,0]],0],[[55,[0,0,-3.1875,0]],[85,[0,0,0,0]],0],[[55,[0,0,-9.53125,0]],[86,[0,0,0,0]],0],[[55,[0,0,-3.1875,0]],[88,[0,0,0,0]],0],[[55,[0,0,-4.75,0]],[90,[0,0,0,0]],0],[[55,[0,0,-4.75,0]],[92,[0,0,0,0]],0],[[57,[0,0,-7.890625,0]],[15,[0,0,0,0]],0],[[57,[0,0,-4.75,0]],[16,[0,0,0,0]],0],[[57,[0,0,-7.890625,0]],[17,[0,0,0,0]],0],[[57,[0,0,-3.1875,0]],[29,[0,0,0,0]],0],[[57,[0,0,-3.1875,0]],[30,[0,0,0,0]],0],[[57,[0,0,-6.390625,0]],[36,[0,0,0,0]],0],[[57,[0,0,-6.390625,0]],[68,[0,0,0,0]],0],[[57,[0,0,-4.75,0]],[72,[0,0,0,0]],0],[[57,[0,0,-1.546875,0]],[76,[0,0,0,0]],0],[[57,[0,0,-4.75,0]],[82,[0,0,0,0]],0],[[57,[0,0,-3.1875,0]],[85,[0,0,0,0]],0],[[57,[0,0,-3.1875,0]],[88,[0,0,0,0]],0],[[57,[0,0,-3.1875,0]],[92,[0,0,0,0]],0],[[58,[0,0,-4.75,0]],[15,[0,0,0,0]],0],[[58,[0,0,-1.546875,0]],[16,[0,0,0,0]],0],[[58,[0,0,-4.75,0]],[17,[0,0,0,0]],0],[[58,[0,0,-1.546875,0]],[29,[0,0,0,0]],0],[[58,[0,0,-1.546875,0]],[30,[0,0,0,0]],0],[[58,[0,0,-3.1875,0]],[36,[0,0,0,0]],0],[[58,[0,0,-3.1875,0]],[68,[0,0,0,0]],0],[[58,[0,0,-1.546875,0]],[72,[0,0,0,0]],0],[[58,[0,0,-1.546875,0]],[82,[0,0,0,0]],0],[[58,[0,0,-1.546875,0]],[85,[0,0,0,0]],0],[[58,[0,0,-1.546875,0]],[88,[0,0,0,0]],0],[[58,[0,0,-0.75,0]],[92,[0,0,0,0]],0],[[60,[0,0,-1.546875,0]],[3,[0,0,0,0]],0],[[60,[0,0,-11.09375,0]],[15,[0,0,0,0]],0],[[60,[0,0,-7.890625,0]],[16,[0,0,0,0]],0],[[60,[0,0,-11.09375,0]],[17,[0,0,0,0]],0],[[60,[0,0,-4.75,0]],[29,[0,0,0,0]],0],[[60,[0,0,-5.578125,0]],[30,[0,0,0,0]],0],[[60,[0,0,-6.390625,0]],[36,[0,0,0,0]],0],[[60,[0,0,-6.390625,0]],[68,[0,0,0,0]],0],[[60,[0,0,-7.890625,0]],[72,[0,0,0,0]],0],[[60,[0,0,-3.1875,0]],[76,[0,0,0,0]],0],[[60,[0,0,-7.890625,0]],[82,[0,0,0,0]],0],[[60,[0,0,-6.390625,0]],[83,[0,0,0,0]],0],[[60,[0,0,-7.890625,0]],[84,[0,0,0,0]],0],[[60,[0,0,-4.75,0]],[88,[0,0,0,0]],0],[[60,[0,0,-4.75,0]],[89,[0,0,0,0]],0],[[73,[0,0,-1.546875,0]],[73,[0,0,0,0]],0],[[73,[0,0,1.546875,0]],[2020,[0,0,0,0]],0],[[85,[0,0,-4.75,0]],[15,[0,0,0,0]],0],[[85,[0,0,-4.75,0]],[17,[0,0,0,0]],0],[[85,[0,0,3.1875,0]],[2020,[0,0,0,0]],0],[[89,[0,0,-6.390625,0]],[15,[0,0,0,0]],0],[[89,[0,0,-6.390625,0]],[17,[0,0,0,0]],0],[[90,[0,0,-4.75,0]],[15,[0,0,0,0]],0],[[90,[0,0,-4.75,0]],[17,[0,0,0,0]],0],[[92,[0,0,-6.390625,0]],[15,[0,0,0,0]],0],[[92,[0,0,-6.390625,0]],[17,[0,0,0,0]],0],[[2019,[0,0,-1.546875,0]],[2019,[0,0,0,0]],0],[[2020,[0,0,-3.1875,0]],[3,[0,0,0,0]],0],[[2020,[0,0,-1.546875,0]],[86,[0,0,0,0]],0],[[2020,[0,0,-1.546875,0]],[2020,[0,0,0,0]],0]]],[],[null,null],["","e3265ab4bf004d28a9537516768c1c75",0,86,9,4,1024,1024,1,"32 - 126, 160 - 255, 8192 - 8303, 8364, 8482, 9633","8f586378b4e144a9851e7b34d9b748ee","",0,0,4169,1],[[null,null,null,null],[null,null,null,null],[null,null,null,null],[null,null,null,null],[null,null,null,null],[null,null,null,null],[null,null,null,null],[null,null,null,null],[null,null,null,null],[null,null,null,null]],[[null,null,null,null],[null,null,null,null],[null,null,null,null],[null,null,null,null],[null,null,null,null],[null,null,null,null],[null,null,null,null],[null,null,null,null],[null,null,null,null],[null,null,null,null]]]},{"id":26628,"path":"Assets/TextMesh Pro/Resources/Style Sheets/Default Style Sheet.asset","name":"Default Style Sheet","assetBundleId":-1,"class":37,"data":[[["H1",2425,"<size=2em><b><#40ff80>*","*</size></b></color>",[60,115,105,122,101,61,50,101,109,62,60,98,62,60,35,52,48,102,102,56,48,62,42],[42,60,47,115,105,122,101,62,60,47,98,62,60,47,99,111,108,111,114,62],[60,115,105,122,101,61,50,101,109,62,60,98,62,60,35,52,48,102,102,56,48,62,42],[42,60,47,115,105,122,101,62,60,47,98,62,60,47,99,111,108,111,114,62]],["Quote",93368250,"<i><size=75%><margin=10%>","</i></size></width></margin>",[60,105,62,60,115,105,122,101,61,55,53,37,62,60,109,97,114,103,105,110,61,49,48,37,62],[60,47,105,62,60,47,115,105,122,101,62,60,47,119,105,100,116,104,62,60,47,109,97,114,103,105,110,62],[60,105,62,60,115,105,122,101,61,55,53,37,62,60,109,97,114,103,105,110,61,49,48,37,62],[60,47,105,62,60,47,115,105,122,101,62,60,47,119,105,100,116,104,62,60,47,109,97,114,103,105,110,62]],["Link",2656128,"<u><#40a0ff><link=\"ID_01\">","</u></color></link>",[60,117,62,60,35,52,48,97,48,102,102,62,60,108,105,110,107,61,34,73,68,95,48,49,34,62],[60,47,117,62,60,47,99,111,108,111,114,62,60,47,108,105,110,107,62],[60,117,62,60,35,52,48,97,48,102,102,62,60,108,105,110,107,61,34,73,68,95,48,49,34,62],[60,47,117,62,60,47,99,111,108,111,114,62,60,47,108,105,110,107,62]],["Title",97690656,"<size=125%><b><align=center>","</size></b></align>",[60,115,105,122,101,61,49,50,53,37,62,60,98,62,60,97,108,105,103,110,61,99,101,110,116,101,114,62],[60,47,115,105,122,101,62,60,47,98,62,60,47,97,108,105,103,110,62],[60,115,105,122,101,61,49,50,53,37,62,60,98,62,60,97,108,105,103,110,61,99,101,110,116,101,114,62],[60,47,115,105,122,101,62,60,47,98,62,60,47,97,108,105,103,110,62]],["H2",2426,"<size=1.5em><b><#4080FF>","</size></b></color>",[60,115,105,122,101,61,49,46,53,101,109,62,60,98,62,60,35,52,48,56,48,70,70,62],[60,47,115,105,122,101,62,60,47,98,62,60,47,99,111,108,111,114,62],[60,115,105,122,101,61,49,46,53,101,109,62,60,98,62,60,35,52,48,56,48,70,70,62],[60,47,115,105,122,101,62,60,47,98,62,60,47,99,111,108,111,114,62]],["H3",2427,"<size=1.17em><b><#FF8040>","</size></b></color>",[60,115,105,122,101,61,49,46,49,55,101,109,62,60,98,62,60,35,70,70,56,48,52,48,62],[60,47,115,105,122,101,62,60,47,98,62,60,47,99,111,108,111,114,62],[60,115,105,122,101,61,49,46,49,55,101,109,62,60,98,62,60,35,70,70,56,48,52,48,62],[60,47,115,105,122,101,62,60,47,98,62,60,47,99,111,108,111,114,62]],["C1",2194,"<color=#ffff40>","</color>",[60,99,111,108,111,114,61,35,102,102,102,102,52,48,62],[60,47,99,111,108,111,114,62],[60,99,111,108,111,114,61,35,102,102,102,102,52,48,62],[60,47,99,111,108,111,114,62]],["C2",2193,"<color=#ff40FF><size=125%>","</color></size>",[60,99,111,108,111,114,61,35,102,102,52,48,70,70,62,60,115,105,122,101,61,49,50,53,37,62],[60,47,99,111,108,111,114,62,60,47,115,105,122,101,62],[60,99,111,108,111,114,61,35,102,102,52,48,70,70,62,60,115,105,122,101,61,49,50,53,37,62],[60,47,99,111,108,111,114,62,60,47,115,105,122,101,62]],["C3",2192,"<color=#80A0FF><b>","</color></b>",[60,99,111,108,111,114,61,35,56,48,65,48,70,70,62,60,98,62],[60,47,99,111,108,111,114,62,60,47,98,62],[60,99,111,108,111,114,61,35,56,48,65,48,70,70,62,60,98,62],[60,47,99,111,108,111,114,62,60,47,98,62]],["Normal",-1183493901,"","",[],[],[],[]]]]},{"id":26622,"path":"Assets/TextMesh Pro/Resources/Sprite Assets/EmojiOne.asset","name":"EmojiOne","assetBundleId":-1,"class":36,"data":[-1836805472,13,27002,0,1,27004,[["Smiling face with smiling eyes",-1318250903,128522,0.5,0.5,null,null,0,0,384,128,128,0,115.599998474121,128,1],["1f60b",57188339,128523,0.5,0.5,null,null,1,128,384,128,128,0,115.599998474121,128,1],["1f60d",57188341,128525,0.5,0.5,null,null,2,256,384,128,128,0,115.599998474121,128,1],["1f60e",57188340,128526,0.5,0.5,null,null,3,384,384,128,128,0,115.599998474121,128,1],["Grinning face",-95541379,128512,0.5,0.5,null,null,4,0,256,128,128,0,115.599998474121,128,1],["1f601",57188256,128513,0.5,0.5,null,null,5,128,256,128,128,0,115.599998474121,128,1],["Face with tears of joy",239522663,128514,0.5,0.5,null,null,6,256,256,128,128,0,115.599998474121,128,1],["1f603",57188258,128515,0.5,0.5,null,null,7,384,256,128,128,0,115.599998474121,128,1],["1f604",57188261,128516,0.5,0.5,null,null,8,0,128,128,128,0,115.599998474121,128,1],["1f605",57188260,128517,0.5,0.5,null,null,9,128,128,128,128,0,115.599998474121,128,1],["1f606",57188263,128518,0.5,0.5,null,null,10,256,128,128,128,0,115.599998474121,128,1],["1f609",57188264,128521,0.5,0.5,null,null,11,384,128,128,128,0,115.599998474121,128,1],["1f618",57188168,128536,0.5,0.5,null,null,12,0,0,128,128,0,115.599998474121,128,1],["1f923",57200239,129315,0.5,0.5,null,null,13,128,0,128,128,0,115.599998474121,128,1],["263a",1748406,9786,0.5,0.5,null,null,14,256,0,128,128,0,115.599998474121,128,1],["2639",1748462,9785,0.5,0.5,null,null,15,384,0,128,128,0,115.599998474121,128,1]],[],"1.1.0",[0,"","",0,0,0,0,0,0,0,0,0,0,0,0,0,0,0,0,0,0],[["Smiling face with smiling eyes",-1318250903,2,128522,0,1],["1f60b",57188339,2,128523,1,1],["1f60d",57188341,2,128525,2,1],["1f60e",57188340,2,128526,3,1],["Grinning face",-95541379,2,128512,4,1],["1f601",57188256,2,128513,5,1],["Face with tears of joy",239522663,2,128514,6,1],["1f603",57188258,2,128515,7,1],["1f604",57188261,2,128516,8,1],["1f605",57188260,2,128517,9,1],["1f606",57188263,2,128518,10,1],["1f609",57188264,2,128521,11,1],[".notdef",-600915428,2,0,12,1],["1f923",57200239,2,129315,13,1],["263a",1748406,2,9786,14,1],["2639",1748462,2,9785,15,1]],[[null,null,0,[128,128,0,115.599998474121,128],[0,384,128,128],1,0,0],[null,null,1,[128,128,0,115.599998474121,128],[128,384,128,128],1,0,0],[null,null,2,[128,128,0,115.599998474121,128],[256,384,128,128],1,0,0],[null,null,3,[128,128,0,115.599998474121,128],[384,384,128,128],1,0,0],[null,null,4,[128,128,0,115.599998474121,128],[0,256,128,128],1,0,0],[null,null,5,[128,128,0,115.599998474121,128],[128,256,128,128],1,0,0],[null,null,6,[128,128,0,115.599998474121,128],[256,256,128,128],1,0,0],[null,null,7,[128,128,0,115.599998474121,128],[384,256,128,128],1,0,0],[null,null,8,[128,128,0,115.599998474121,128],[0,128,128,128],1,0,0],[null,null,9,[128,128,0,115.599998474121,128],[128,128,128,128],1,0,0],[null,null,10,[128,128,0,115.599998474121,128],[256,128,128,128],1,0,0],[null,null,11,[128,128,0,115.599998474121,128],[384,128,128,128],1,0,0],[null,null,12,[128,128,0,115.599998474121,128],[0,0,128,128],1,0,0],[null,null,13,[128,128,0,115.599998474121,128],[128,0,128,128],1,0,0],[null,null,14,[128,128,0,115.599998474121,128],[256,0,128,128],1,0,0],[null,null,15,[128,128,0,115.599998474121,128],[384,0,128,128],1,0,0]]]},{"id":26624,"path":"Assets/TextMesh Pro/Resources/TMP Settings.asset","name":"TMP Settings","assetBundleId":-1,"class":35,"data":[1,1,0,0,1,1,1,0,0,30,25894,"Fonts & Materials/",36,0.5,2,20,5,200,50,0,0,[],1,36,26622,"Sprite Assets/",1,0,"Color Gradient Presets/",37,26628,"",38,26630,38,26632,0]},{"id":26882,"path":"Assets/Resources/DOTweenSettings.asset","name":"DOTweenSettings","assetBundleId":-1,"class":34,"data":[1,[2,0],1,1,0,0.150000005960464,0,0,0,1,0,3,0,0,6,1.70158004760742,0,1,0,0,1,1,0,[0,1,1,1,1,1,0,0,0,0,0],0,0,0]}],"shaders":[{"id":398,"assetBundleId":-1,"data":[[],"TextMeshPro/Mobile/Distance Field",null,["OUTLINE_ON","UNDERLAY_INNER","UNDERLAY_ON","UNITY_UI_ALPHACLIP","UNITY_UI_CLIP_RECT","STEREO_CUBEMAP_RENDER_ON","STEREO_INSTANCING_ON","STEREO_MULTIVIEW_ON","UNITY_SINGLE_PASS_STEREO","__"],[[0,0,"",0,"",0,[0,"unity_GUIZTestMode"],[0,null],[0,"_CullMode"],[[1,null],[10,null],[0,null]],[[1,null],[10,null],[0,null]],[0,"_ColorMask"],[0,null],[0,null],[0,"_Stencil"],[0,"_StencilReadMask"],[0,"_StencilWriteMask"],[[0,"_StencilOp"],[0,null],[0,null],[0,"_StencilComp"]],[[0,null],[0,null],[0,null],[8,null]],[[0,null],[0,null],[0,null],[8,null]],[["IGNOREPROJECTOR","true"],["QUEUE","Transparent"],["RenderType","Transparent"]],["OUTLINE_ON","STEREO_CUBEMAP_RENDER_ON","STEREO_INSTANCING_ON","STEREO_MULTIVIEW_ON","UNDERLAY_INNER","UNDERLAY_ON","UNITY_SINGLE_PASS_STEREO","UNITY_UI_ALPHACLIP","UNITY_UI_CLIP_RECT","__"],[],[[0,0,[],19,20,0,0],[0,0,[],21,22,1,0]],[],0]],[],[["_FaceColor",0,1,1,1,1,"",16],["_FaceDilate",3,0,-1,1,0,"",0],["_OutlineColor",0,0,0,0,1,"",16],["_OutlineWidth",3,0,0,1,0,"",0],["_OutlineSoftness",3,0,0,1,0,"",0],["_UnderlayColor",0,0,0,0,0.5,"",16],["_UnderlayOffsetX",3,0,-1,1,0,"",0],["_UnderlayOffsetY",3,0,-1,1,0,"",0],["_UnderlayDilate",3,0,-1,1,0,"",0],["_UnderlaySoftness",3,0,0,1,0,"",0],["_WeightNormal",2,0,0,0,0,"",0],["_WeightBold",2,0.5,0,0,0,"",0],["_ShaderFlags",2,0,0,0,0,"",0],["_ScaleRatioA",2,1,0,0,0,"",0],["_ScaleRatioB",2,1,0,0,0,"",0],["_ScaleRatioC",2,1,0,0,0,"",0],["_MainTex",4,0,0,0,0,"white",0],["_TextureWidth",2,512,0,0,0,"",0],["_TextureHeight",2,512,0,0,0,"",0],["_GradientScale",2,5,0,0,0,"",0],["_ScaleX",2,1,0,0,0,"",0],["_ScaleY",2,1,0,0,0,"",0],["_PerspectiveFilter",3,0.875,0,1,0,"",0],["_Sharpness",3,0,-1,1,0,"",0],["_VertexOffsetX",2,0,0,0,0,"",0],["_VertexOffsetY",2,0,0,0,0,"",0],["_ClipRect",1,-32767,-32767,32767,32767,"",0],["_MaskSoftnessX",2,0,0,0,0,"",0],["_MaskSoftnessY",2,0,0,0,0,"",0],["_StencilComp",2,8,0,0,0,"",0],["_Stencil",2,0,0,0,0,"",0],["_StencilOp",2,0,0,0,0,"",0],["_StencilWriteMask",2,255,0,0,0,"",0],["_StencilReadMask",2,255,0,0,0,"",0],["_CullMode",2,0,0,0,0,"",0],["_ColorMask",2,15,0,0,0,"",0]],null,null,0,0,0]},{"id":42512,"assetBundleId":-1,"data":[[],"Unlit/WallMask",null,["FOG_EXP","FOG_EXP2","FOG_LINEAR","STEREO_CUBEMAP_RENDER_ON","STEREO_INSTANCING_ON","STEREO_MULTIVIEW_ON","UNITY_SINGLE_PASS_STEREO","__"],[[0,0,"",0,"",0,[4,null],[1,null],[2,null],[[5,null],[10,null],[0,null]],[[5,null],[10,null],[0,null]],[15,null],[0,null],[0,null],[0,null],[255,null],[255,null],[[0,null],[0,null],[0,null],[8,null]],[[0,null],[0,null],[0,null],[8,null]],[[0,null],[0,null],[0,null],[8,null]],[["QUEUE","Transparent"],["RenderType","Transparent"]],["FOG_EXP","FOG_EXP2","FOG_LINEAR","STEREO_CUBEMAP_RENDER_ON","STEREO_INSTANCING_ON","STEREO_MULTIVIEW_ON","UNITY_SINGLE_PASS_STEREO","__"],[],[[0,0,[],23,24,0,0],[0,0,[],25,26,1,0]],[],0]],[],[["_MainTex",4,0,0,0,0,"white",0],["_Color",0,1,1,1,1,"",0]],null,null,0,0,0]},{"id":400,"assetBundleId":-1,"data":[[],"TextMeshPro/Sprite",null,["UNITY_UI_ALPHACLIP","UNITY_UI_CLIP_RECT","STEREO_CUBEMAP_RENDER_ON","STEREO_INSTANCING_ON","STEREO_MULTIVIEW_ON","UNITY_SINGLE_PASS_STEREO","__"],[[0,0,"Default",0,"",0,[0,"unity_GUIZTestMode"],[0,null],[0,"_CullMode"],[[5,null],[10,null],[0,null]],[[5,null],[10,null],[0,null]],[0,"_ColorMask"],[0,null],[0,null],[0,"_Stencil"],[0,"_StencilReadMask"],[0,"_StencilWriteMask"],[[0,"_StencilOp"],[0,null],[0,null],[0,"_StencilComp"]],[[0,null],[0,null],[0,null],[8,null]],[[0,null],[0,null],[0,null],[8,null]],[["CanUseSpriteAtlas","true"],["IGNOREPROJECTOR","true"],["PreviewType","Plane"],["QUEUE","Transparent"],["RenderType","Transparent"]],["STEREO_CUBEMAP_RENDER_ON","STEREO_INSTANCING_ON","STEREO_MULTIVIEW_ON","UNITY_SINGLE_PASS_STEREO","UNITY_UI_ALPHACLIP","UNITY_UI_CLIP_RECT","__"],[],[],[],0]],[],[["_MainTex",4,0,0,0,0,"white",2],["_Color",0,1,1,1,1,"",0],["_StencilComp",2,8,0,0,0,"",0],["_Stencil",2,0,0,0,0,"",0],["_StencilOp",2,0,0,0,0,"",0],["_StencilWriteMask",2,255,0,0,0,"",0],["_StencilReadMask",2,255,0,0,0,"",0],["_CullMode",2,0,0,0,0,"",0],["_ColorMask",2,15,0,0,0,"",0],["_ClipRect",1,-32767,-32767,32767,32767,"",0],["_UseUIAlphaClip",2,0,0,0,0,"",0]],null,null,0,0,0]},{"id":32,"assetBundleId":-1,"data":[[],"Hidden/InternalErrorShader",null,[],[[0,0,"",0,"",0,[4,null],[1,null],[2,null],[[1,null],[0,null],[0,null]],[[1,null],[0,null],[0,null]],[15,null],[0,null],[0,null],[0,null],[255,null],[255,null],[[0,null],[0,null],[0,null],[8,null]],[[0,null],[0,null],[0,null],[8,null]],[[0,null],[0,null],[0,null],[8,null]],[],[],[],[],[],0]],[],[],null,null,0,0,0]},{"id":43508,"assetBundleId":-1,"data":[[],"Unlit/AdvancedPaintShader",null,["FOG_EXP","FOG_EXP2","FOG_LINEAR","STEREO_CUBEMAP_RENDER_ON","STEREO_INSTANCING_ON","STEREO_MULTIVIEW_ON","UNITY_SINGLE_PASS_STEREO","__"],[[0,0,"",0,"",0,[4,null],[1,null],[2,null],[[1,null],[0,null],[0,null]],[[1,null],[0,null],[0,null]],[15,null],[0,null],[0,null],[0,null],[255,null],[255,null],[[0,null],[0,null],[0,null],[8,null]],[[0,null],[0,null],[0,null],[8,null]],[[0,null],[0,null],[0,null],[8,null]],[["RenderType","Opaque"]],["FOG_EXP","FOG_EXP2","FOG_LINEAR","STEREO_CUBEMAP_RENDER_ON","STEREO_INSTANCING_ON","STEREO_MULTIVIEW_ON","UNITY_SINGLE_PASS_STEREO","__"],[],[[0,0,[],23,35,0,0],[0,0,[],25,36,1,0]],[],0]],[],[["_MainTex",4,0,0,0,0,"white",0],["_SubTex",4,0,0,0,0,"white",0],["_PainterColor",0,0,0,0,0,"",0],["_PainterPosition",1,0,0,0,0,"",0],["_Radius",2,1,0,0,0,"",0],["_Hardness",2,1,0,0,0,"",0],["_Strength",2,5,0,0,0,"",0]],null,null,0,0,0]}],"sounds":[{"id":27924,"path":"Assets/Sound/spray-87676.mp3","assetBundleId":-1,"data":["spray-87676"]}],"sprites":[{"id":25898,"path":"Assets/TestProjectAssets/UI/red@2x.png","assetBundleId":-1,"data":["red@2x",1,26078,[0,0,0,0.96,0.96,0],[0.94,0.66,0,0.9895833,0.84375,0.96,-0.58,0,1,0.1979167,0.96,0.54,0,1,0.78125,0.59,0.84,0,0.8072917,0.9375,0.59,-0.86,0,0.8072917,0.05208333,0.44,-0.96,0,0.7291667,0,0.36,0.96,0,0.6875,1,-0.32,0.96,0,0.3333333,1,-0.45,-0.96,0,0.265625,0,-0.52,0.93,0,0.2291667,0.984375,-0.69,-0.92,0,0.140625,0.02083333,-0.81,0.64,0,0.078125,0.8333333,-0.91,-0.54,0,0.02604167,0.21875,-0.96,0.36,0,0,0.6875,-0.96,-0.27,0,0,0.359375],[14,13,12,11,12,13,10,12,11,9,10,11,8,10,9,7,8,9,5,8,7,6,5,7,3,5,6,4,5,3,1,4,3,0,1,3,2,1,0],0,0,1,1,0,0,1,1,0,0,0,0,[0,0,0,0],[-0.96,-0.96,0.96,0.96],100,192,192,192,192,96,96,0,0]},{"id":25916,"path":"Assets/TestProjectAssets/UI/blue@2x.png","assetBundleId":-1,"data":["blue@2x",1,26086,[0,0,0,0.96,0.96,0],[0.96,0.41,0,1,0.7135417,0.88,-0.63,0,0.9583333,0.171875,0.96,-0.31,0,1,0.3385417,0.83,0.64,0,0.9322917,0.8333333,0.47,-0.94,0,0.7447917,0.01041667,0.42,0.96,0,0.71875,1,0.34,-0.96,0,0.6770833,0,-0.4,-0.96,0,0.2916667,0,-0.46,0.96,0,0.2604167,1,-0.67,0.9,0,0.1510417,0.96875,-0.81,-0.7,0,0.078125,0.1354167,-0.96,0.39,0,0,0.703125,-0.96,-0.29,0,0,0.3489583],[12,11,10,9,10,11,7,10,9,8,7,9,5,7,8,6,7,5,4,6,5,3,4,5,1,4,3,0,1,3,2,1,0],0,0,1,1,0,0,1,1,0,0,0,0,[0,0,0,0],[-0.96,-0.96,0.96,0.96],100,192,192,192,192,96,96,0,0]},{"id":25914,"path":"Assets/TestProjectAssets/UI/yellow@2x.png","assetBundleId":-1,"data":["yellow@2x",1,26084,[0,0,0,0.96,0.96,0],[0.96,0.6,0,1,0.8125,0.56,-0.94,0,0.7916667,0.01041667,0.96,-0.49,0,1,0.2447917,0.42,0.96,0,0.71875,1,0.39,-0.96,0,0.703125,0,-0.31,0.96,0,0.3385417,1,-0.44,-0.96,0,0.2708333,0,-0.7,0.77,0,0.1354167,0.9010417,-0.86,-0.64,0,0.05208333,0.1666667,-0.87,0.52,0,0.046875,0.7708333,-0.95,-0.43,0,0.005208333,0.2760417,-0.96,0.34,0,0,0.6770833,-0.96,-0.35,0,0,0.3177083],[12,11,10,9,10,11,8,10,9,7,8,9,6,8,7,5,6,7,4,6,5,3,4,5,1,4,3,0,1,3,2,1,0],0,0,1,1,0,0,1,1,0,0,0,0,[0,0,0,0],[-0.96,-0.96,0.96,0.96],100,192,192,192,192,96,96,0,0]},{"id":27920,"path":"Assets/TestProjectAssets/UI/size_bar@2x.png","assetBundleId":-1,"data":["size_bar@2x",1,27926,[0,0,0,3.705,0.42,0],[3.705,0.2,0,1,0.7380952,3.695,-0.27,0,0.9986505,0.1785714,3.705,-0.21,0,1,0.25,3.585,-0.35,0,0.9838057,0.08333334,3.535,0.4,0,0.9770581,0.9761904,3.475,0.42,0,0.9689609,1,3.445,-0.42,0,0.9649123,0,1.945,-0.42,0,0.7624831,0,1.465,0.42,0,0.6977058,1,1.165,0.41,0,0.6572199,0.9880952,0.615,0.4,0,0.582996,0.9761904,-1.065,0.37,0,0.3562753,0.9404762,-1.615,0.36,0,0.2820513,0.9285714,-3.095,-0.33,0,0.08232119,0.1071429,-3.295,0.33,0,0.05533063,0.8928571,-3.485,0.34,0,0.02968961,0.9047619,-3.535,-0.32,0,0.02294197,0.1190476,-3.675,-0.2,0,0.004048583,0.2619048,-3.705,0.22,0,0,0.7619048,-3.705,-0.15,0,0,0.3214286],[19,18,17,15,17,18,16,17,15,13,16,15,14,13,15,12,13,14,7,13,12,11,7,12,10,7,11,9,7,10,8,7,9,5,7,8,6,7,5,3,6,5,4,3,5,0,3,4,1,3,0,2,1,0],0,0,1,1,0,0,1,1,0,0,0,0,[0,0,0,0],[-3.705,-0.42,3.705,0.42],100,741,84,741,84,370.5,42,0,0]},{"id":41628,"path":"Assets/TestProjectAssets/PaintHelper/2.png","assetBundleId":-1,"data":["2",1,41622,[0,0,0,1.585,1.585,0],[1.585,0.305,0,0.807767,0.5868946,1.525,-0.495,0,0.7961165,0.3589744,1.585,-0.275,0,0.807767,0.4216524,1.495,0.585,0,0.7902912,0.6666667,1.395,-0.795,0,0.7708738,0.2735043,1.355,0.885,0,0.7631068,0.7521368,1.225,-1.025,0,0.7378641,0.2079772,0.985,1.285,0,0.6912621,0.8660969,0.945,-1.305,0,0.6834952,0.1282051,0.815,1.375,0,0.6582524,0.8917379,0.635,-1.485,0,0.623301,0.07692308,0.555,1.505,0,0.607767,0.928775,0.285,-1.585,0,0.5553398,0.04843305,0.255,1.585,0,0.5495146,0.9515669,-0.195,1.585,0,0.4621359,0.9515669,-0.215,-1.585,0,0.4582524,0.04843305,-0.345,-1.555,0,0.4330097,0.05698006,-0.425,-1.535,0,0.4174757,0.06267806,-0.435,1.545,0,0.415534,0.9401709,-0.635,1.475,0,0.376699,0.9202279,-0.635,-1.475,0,0.376699,0.07977208,-0.935,1.305,0,0.3184466,0.8717949,-0.985,-1.275,0,0.3087379,0.1367521,-1.225,-1.025,0,0.2621359,0.2079772,-1.235,1.025,0,0.2601942,0.7920228,-1.385,0.795,0,0.231068,0.7264957,-1.385,-0.795,0,0.231068,0.2735043,-1.495,-0.585,0,0.2097087,0.3333333,-1.505,0.555,0,0.207767,0.6581197,-1.575,0.355,0,0.1941748,0.6011396,-1.585,0.235,0,0.192233,0.5669516,-1.585,-0.265,0,0.192233,0.4245014],[31,30,27,29,27,30,28,27,29,25,27,28,26,27,25,23,26,25,24,23,25,21,23,24,22,23,21,20,22,21,19,20,21,17,20,19,18,17,19,14,17,18,16,17,14,15,16,14,12,15,14,13,12,14,11,12,13,10,12,11,9,10,11,8,10,9,7,8,9,6,8,7,5,6,7,4,6,5,3,4,5,1,4,3,0,1,3,2,1,0],-0.00014780143101234,-0.000216868807910942,0.999852180480957,0.999783158302307,0.192233011126518,0.0484330467879772,0.807766973972321,0.951566934585571,0,0,0,0,[0,0,0,0],[-2.575,-1.755,2.575,1.755],100,515,351,515,351,257.5,175.5,99.0761184692383,17.0761203765869]},{"id":41626,"path":"Assets/TestProjectAssets/PaintHelper/3.png","assetBundleId":-1,"data":["3",1,41620,[-0.02000004,0.525,0,1.205,0.55,0],[-0.185,1.075,0,0.4640777,0.8062678,-0.125,0.165,0,0.4757282,0.5470086,-0.125,0.845,0,0.4757282,0.7407407,-0.295,0.005,0,0.4427184,0.5014245,-0.395,-0.025,0,0.423301,0.4928775,-0.995,-0.025,0,0.3067961,0.4928775,-1.005,1.075,0,0.3048544,0.8062678,-1.225,0.835,0,0.2621359,0.7378917,-1.225,0.285,0,0.2621359,0.5811966,1.185,0.895,0,0.7300971,0.7549857,0.915,-0.025,0,0.6776699,0.4928775,1.185,0.245,0,0.7300971,0.5698006,0.875,1.075,0,0.6699029,0.8062678,0.365,-0.025,0,0.5708738,0.4928775,0.265,1.075,0,0.5514563,0.8062678,0.155,0.985,0,0.5300971,0.7806268,0.075,0.745,0,0.5145631,0.7122507,0.075,0.275,0,0.5145631,0.5783476],[17,16,13,15,13,16,14,13,15,12,13,14,10,13,12,9,10,12,11,10,9,8,7,5,6,5,7,0,5,6,4,5,0,3,4,0,1,3,0,2,1,0],-0.000147817088873126,-0.000216892978642136,0.999852180480957,0.999783098697662,0.262135922908783,0.49287748336792,0.730097115039825,0.80626779794693,0,0,0,0,[0,0,0,0],[-2.575,-1.755,2.575,1.755],100,515,351,515,351,257.5,175.5,135.076126098633,173.076126098633]},{"id":41630,"path":"Assets/TestProjectAssets/PaintHelper/1.png","assetBundleId":-1,"data":["1",1,41624,[0.004999995,-0.6375,0,1.05,0.6375,0],[1.055,-0.415,0,0.7048544,0.3817664,0.845,-1.275,0,0.6640777,0.1367521,1.055,-0.895,0,0.7048544,0.2450143,-0.985,-1.275,0,0.3087379,0.1367521,-1.045,-0.415,0,0.2970874,0.3817664,-1.045,-1.245,0,0.2970874,0.1452992],[5,4,3,0,3,4,1,3,0,2,1,0],-0.000147824961459264,-0.00021686585387215,0.999852180480957,0.999783158302307,0.297087371349335,0.136752143502235,0.704854369163513,0.381766378879547,0,0,0,0,[0,0,0,0],[-2.575,-1.755,2.575,1.755],100,515,351,515,351,257.5,175.5,153.076126098633,48.0761222839355]},{"id":25918,"path":"Assets/TestProjectAssets/UI/size_bar_circle@2x.png","assetBundleId":-1,"data":["size_bar_circle@2x",1,26088,[0,0,0,0.505,0.525,0],[0.385,0.525,0,0.8811881,1,0.505,-0.415,0,1,0.1047619,0.505,0.475,0,1,0.952381,0.365,-0.525,0,0.8613861,3.633045e-8,-0.455,0.525,0,0.04950495,1,-0.505,0.465,0,0,0.9428571,-0.505,-0.525,0,0,3.633045e-8],[6,5,3,4,3,5,0,3,4,1,3,0,2,1,0],0,3.63304515360596e-8,1,1,0,3.63304515360596e-8,1,1,0,0,0,0,[0,0,0,0],[-0.505,-0.525,0.505,0.525],100,101,105,101,105,50.5,52.5,0,0]}],"text-assets":[{"id":26630,"path":"Assets/TextMesh Pro/Resources/LineBreaking Leading Characters.txt","assetBundleId":-1,"data":["LineBreaking Leading Characters",null,"([｛〔〈《「『【〘〖〝‘“｟«$—…‥〳〴〵\\［（{£¥\"々〇＄￥￦ #"]},{"id":26632,"path":"Assets/TextMesh Pro/Resources/LineBreaking Following Characters.txt","assetBundleId":-1,"data":["LineBreaking Following Characters",null,")]｝〕〉》」』】〙〗〟’”｠»ヽヾーァィゥェォッャュョヮヵヶぁぃぅぇぉっゃゅょゎゕゖㇰㇱㇲㇳㇴㇵㇶㇷㇸㇹㇺㇻㇼㇽㇾㇿ々〻‐゠–〜?!‼⁇⁈⁉・、%,.:;。！？］）：；＝}¢°\"†‡℃〆％，．"]}],"textures":[{"id":26078,"type":0,"path":"Assets/TestProjectAssets/UI/red@2x.png","assetBundleId":-1,"data":["red@2x",192,192,1,1,1,0,12,1,1,1,101,0,0,1,1]},{"id":1026074,"assetBundleId":-1,"type":0,"data":[null,1024,1024,10,1,1,false,4,1]},{"id":-1716988,"type":0,"path":"Assets/Scenes/Third_Playable.unity/PrefilteredEnvironment.exr","assetBundleId":-1,"data":["",512,256,1,1,1,0,4,0,0,1,8,0,0,0,0]},{"id":26072,"type":0,"path":"Assets/TextMesh Pro/Resources/Fonts & Materials/LiberationSans SDF.asset","assetBundleId":-1,"data":["LiberationSans SDF Atlas",512,512,1,1,1,0,1,0,0,1,54,0,0,0,0]},{"id":26084,"type":0,"path":"Assets/TestProjectAssets/UI/yellow@2x.png","assetBundleId":-1,"data":["yellow@2x",192,192,1,1,1,0,12,1,1,1,101,0,0,1,1]},{"id":26086,"type":0,"path":"Assets/TestProjectAssets/UI/blue@2x.png","assetBundleId":-1,"data":["blue@2x",192,192,1,1,1,0,12,1,1,1,101,0,0,1,1]},{"id":27004,"type":0,"path":"Assets/TextMesh Pro/Sprites/EmojiOne.png","assetBundleId":-1,"data":["EmojiOne",512,512,10,1,1,0,12,1,1,1,101,0,0,1,1]},{"id":27006,"type":0,"path":"Assets/Materials/sky_FR.psd","assetBundleId":-1,"data":["sky_FR",512,512,11,1,1,0,10,0,0,1,97,0,0,0,0],"ext":".jpeg"},{"id":27008,"type":0,"path":"Assets/Materials/sky_DN.psd","assetBundleId":-1,"data":["sky_DN",512,512,11,1,1,0,10,0,0,1,97,0,0,0,0],"ext":".jpeg"},{"id":27926,"type":0,"path":"Assets/TestProjectAssets/UI/size_bar@2x.png","assetBundleId":-1,"data":["size_bar@2x",512,58,1,1,1,0,4,1,1,1,8,0,0,1,1]},{"id":41620,"type":0,"path":"Assets/TestProjectAssets/PaintHelper/3.png","assetBundleId":-1,"data":["3",512,349,1,1,1,0,4,1,1,1,8,0,0,1,1]},{"id":26088,"type":0,"path":"Assets/TestProjectAssets/UI/size_bar_circle@2x.png","assetBundleId":-1,"data":["size_bar_circle@2x",101,105,1,1,1,0,4,1,1,1,8,0,0,1,1]},{"id":41622,"type":0,"path":"Assets/TestProjectAssets/PaintHelper/2.png","assetBundleId":-1,"data":["2",512,349,1,1,1,0,4,1,1,1,8,0,0,1,1]},{"id":41624,"type":0,"path":"Assets/TestProjectAssets/PaintHelper/1.png","assetBundleId":-1,"data":["1",512,349,1,1,1,0,4,1,1,1,8,0,0,1,1]}]}