{"materials":[{"id":708,"path":"Resources/unity_builtin_extra\\Default-Material","assetBundleId":-2,"data":["Default-Material",5,64,2000,0,[["_Cutoff",0.5],["_Glossiness",0.5],["_GlossMapScale",1],["_SmoothnessTextureChannel",0],["_Metallic",0],["_SpecularHighlights",1],["_GlossyReflections",1],["_BumpScale",1],["_Parallax",0.0199999995529652],["_OcclusionStrength",1],["_DetailNormalMapScale",1],["_UVSec",0],["_Mode",0],["_SrcBlend",1],["_DstBlend",0],["_ZWrite",1]],[["_Color",1,1,1,1],["_EmissionColor",0,0,0,0.999999940395355]],[["_MainTex_ST",1,1,0,0],["_MetallicGlossMap_ST",1,1,0,0],["_BumpMap_ST",1,1,0,0],["_ParallaxMap_ST",1,1,0,0],["_OcclusionMap_ST",1,1,0,0],["_EmissionMap_ST",1,1,0,0],["_DetailMask_ST",1,1,0,0],["_DetailAlbedoMap_ST",1,1,0,0],["_DetailNormalMap_ST",1,1,0,0]],[["_MainTex",null,null],["_MetallicGlossMap",null,null],["_BumpMap",null,null],["_ParallaxMap",null,null],["_OcclusionMap",null,null],["_EmissionMap",null,null],["_DetailMask",null,null],["_DetailAlbedoMap",null,null],["_DetailNormalMap",null,null]],[["_EMISSION",1]]]},{"id":710,"path":"Resources/unity_builtin_extra\\Default-Skybox","assetBundleId":-2,"data":["Default-Skybox",5,150,1000,0,[["_SunDisk",1],["_SunSize",0.0399999991059303],["_SunSizeConvergence",5],["_AtmosphereThickness",1],["_Exposure",1.29999995231628]],[["_SkyTint",0.5,0.5,0.5,1],["_GroundColor",0.368999987840652,0.349000006914139,0.340999990701675,1]],[],[],[["_SUNDISK_SIMPLE",1]]]},{"id":714,"path":"Resources/unity_builtin_extra\\Default-Line","assetBundleId":-2,"data":["Default-Line",5,166,3000,0,[["_InvFade",1]],[],[["_MainTex_ST",1,1,0,0]],[["_MainTex",null,null]],[]]}],"shaders":[{"id":150,"assetBundleId":-2,"data":[[],"Skybox/Procedural",null,["_SUNDISK_HIGH_QUALITY","_SUNDISK_NONE","_SUNDISK_SIMPLE","STEREO_CUBEMAP_RENDER_ON","STEREO_INSTANCING_ON","STEREO_MULTIVIEW_ON","UNITY_SINGLE_PASS_STEREO"],[[0,0,"",0,"",0,[4,null],[0,null],[0,null],[[1,null],[0,null],[0,null]],[[1,null],[0,null],[0,null]],[15,null],[0,null],[0,null],[0,null],[255,null],[255,null],[[0,null],[0,null],[0,null],[8,null]],[[0,null],[0,null],[0,null],[8,null]],[[0,null],[0,null],[0,null],[8,null]],[["PreviewType","Skybox"],["QUEUE","Background"],["RenderType","Background"]],["STEREO_CUBEMAP_RENDER_ON","STEREO_INSTANCING_ON","STEREO_MULTIVIEW_ON","UNITY_SINGLE_PASS_STEREO","_SUNDISK_HIGH_QUALITY","_SUNDISK_NONE","_SUNDISK_SIMPLE"],[],[[0,0,["_SUNDISK_HIGH_QUALITY"],0,1,0,0],[0,0,["_SUNDISK_HIGH_QUALITY"],2,3,1,0]],[],0]],[],[["_SunDisk",2,2,0,0,0,"",0],["_SunSize",3,0.0399999991059303,0,1,0,"",0],["_SunSizeConvergence",3,5,1,10,0,"",0],["_AtmosphereThickness",3,1,0,5,0,"",0],["_SkyTint",0,0.5,0.5,0.5,1,"",0],["_GroundColor",0,0.368999987840652,0.349000006914139,0.340999990701675,1,"",0],["_Exposure",3,1.29999995231628,0,8,0,"",0]],null,null,0,0,0]},{"id":166,"assetBundleId":-2,"data":[[],"Legacy Shaders/Particles/Alpha Blended Premultiply",null,["SOFTPARTICLES_ON","STEREO_CUBEMAP_RENDER_ON","STEREO_INSTANCING_ON","STEREO_MULTIVIEW_ON","UNITY_SINGLE_PASS_STEREO","__"],[[0,0,"",0,"",0,[4,null],[0,null],[0,null],[[1,null],[10,null],[0,null]],[[1,null],[10,null],[0,null]],[14,null],[0,null],[0,null],[0,null],[255,null],[255,null],[[0,null],[0,null],[0,null],[8,null]],[[0,null],[0,null],[0,null],[8,null]],[[0,null],[0,null],[0,null],[8,null]],[["IGNOREPROJECTOR","true"],["PreviewType","Plane"],["QUEUE","Transparent"],["RenderType","Transparent"]],["SOFTPARTICLES_ON","STEREO_CUBEMAP_RENDER_ON","STEREO_INSTANCING_ON","STEREO_MULTIVIEW_ON","UNITY_SINGLE_PASS_STEREO","__"],[],[[0,0,[],4,5,0,0],[0,0,[],6,7,1,0]],[],0]],[],[["_MainTex",4,0,0,0,0,"white",0],["_InvFade",3,1,0.00999999977648258,3,0,"",0]],null,null,0,0,0]},{"id":30,"assetBundleId":-2,"data":[[],"UI/Default",null,["UNITY_UI_ALPHACLIP","UNITY_UI_CLIP_RECT","STEREO_CUBEMAP_RENDER_ON","STEREO_INSTANCING_ON","STEREO_MULTIVIEW_ON","UNITY_SINGLE_PASS_STEREO","_"],[[0,0,"Default",0,"",0,[0,"unity_GUIZTestMode"],[0,null],[0,null],[[1,null],[10,null],[0,null]],[[1,null],[10,null],[0,null]],[0,"_ColorMask"],[0,null],[0,null],[0,"_Stencil"],[0,"_StencilReadMask"],[0,"_StencilWriteMask"],[[0,"_StencilOp"],[0,null],[0,null],[0,"_StencilComp"]],[[0,null],[0,null],[0,null],[8,null]],[[0,null],[0,null],[0,null],[8,null]],[["CanUseSpriteAtlas","true"],["IGNOREPROJECTOR","true"],["PreviewType","Plane"],["QUEUE","Transparent"],["RenderType","Transparent"]],["STEREO_CUBEMAP_RENDER_ON","STEREO_INSTANCING_ON","STEREO_MULTIVIEW_ON","UNITY_SINGLE_PASS_STEREO","UNITY_UI_ALPHACLIP","UNITY_UI_CLIP_RECT","_"],[],[[0,0,[],12,13,0,0],[0,0,[],14,15,1,0]],[],0]],[],[["_MainTex",4,0,0,0,0,"white",2],["_Color",0,1,1,1,1,"",0],["_StencilComp",2,8,0,0,0,"",0],["_Stencil",2,0,0,0,0,"",0],["_StencilOp",2,0,0,0,0,"",0],["_StencilWriteMask",2,255,0,0,0,"",0],["_StencilReadMask",2,255,0,0,0,"",0],["_ColorMask",2,15,0,0,0,"",0],["_UseUIAlphaClip",2,0,0,0,0,"",0]],null,null,0,0,0]},{"id":298,"assetBundleId":-2,"data":[[],"Unlit/Transparent",null,["FOG_EXP","FOG_EXP2","FOG_LINEAR","STEREO_CUBEMAP_RENDER_ON","STEREO_INSTANCING_ON","STEREO_MULTIVIEW_ON","UNITY_SINGLE_PASS_STEREO","__"],[[0,0,"",0,"",0,[4,null],[0,null],[2,null],[[5,null],[10,null],[0,null]],[[5,null],[10,null],[0,null]],[15,null],[0,null],[0,null],[0,null],[255,null],[255,null],[[0,null],[0,null],[0,null],[8,null]],[[0,null],[0,null],[0,null],[8,null]],[[0,null],[0,null],[0,null],[8,null]],[["IGNOREPROJECTOR","true"],["QUEUE","Transparent"],["RenderType","Transparent"]],["FOG_EXP","FOG_EXP2","FOG_LINEAR","STEREO_CUBEMAP_RENDER_ON","STEREO_INSTANCING_ON","STEREO_MULTIVIEW_ON","UNITY_SINGLE_PASS_STEREO","__"],[],[[0,0,[],16,17,0,0],[0,0,[],18,19,1,0]],[],0]],[],[["_MainTex",4,0,0,0,0,"white",0]],null,null,0,0,0]},{"id":48,"assetBundleId":-2,"data":[[],"Hidden/BlitCopy",null,["STEREO_CUBEMAP_RENDER_ON","STEREO_INSTANCING_ON","STEREO_MULTIVIEW_ON","UNITY_SINGLE_PASS_STEREO"],[[0,0,"",0,"",0,[8,null],[0,null],[0,null],[[1,null],[0,null],[0,null]],[[1,null],[0,null],[0,null]],[15,null],[0,null],[0,null],[0,null],[255,null],[255,null],[[0,null],[0,null],[0,null],[8,null]],[[0,null],[0,null],[0,null],[8,null]],[[0,null],[0,null],[0,null],[8,null]],[],["STEREO_CUBEMAP_RENDER_ON","STEREO_INSTANCING_ON","STEREO_MULTIVIEW_ON","UNITY_SINGLE_PASS_STEREO"],[],[[0,0,[],16,32,0,0],[0,0,[],18,33,1,0]],[],0]],[],[["_MainTex",4,0,0,0,0,"",0],["_Color",0,1,1,1,1,"",0]],null,null,0,0,0]},{"id":64,"assetBundleId":-2,"data":[[],"Standard",null,["DIRECTIONAL","DIRLIGHTMAP_COMBINED","FOG_EXP","FOG_EXP2","FOG_LINEAR","LIGHTMAP_ON","LIGHTPROBE_SH","SHADOWS_SCREEN","SHADOWS_SHADOWMASK","VERTEXLIGHT_ON","_ALPHABLEND_ON","_ALPHAPREMULTIPLY_ON","_ALPHATEST_ON","_EMISSION","_GLOSSYREFLECTIONS_OFF","_METALLICGLOSSMAP","_NORMALMAP","_PARALLAXMAP","_SMOOTHNESS_TEXTURE_ALBEDO_CHANNEL_A","_SPECULARHIGHLIGHTS_OFF","DIRECTIONAL_COOKIE","POINT","POINT_COOKIE","SHADOWS_DEPTH","SPOT","DYNAMICLIGHTMAP_ON","INSTANCING_ON","LIGHTMAP_SHADOW_MIXING","STEREO_CUBEMAP_RENDER_ON","STEREO_INSTANCING_ON","STEREO_MULTIVIEW_ON","UNITY_SINGLE_PASS_STEREO","_DETAIL_MULX2","__","_","SHADOWS_CUBE","SHADOWS_SOFT"],[[0,0,"FORWARD",4,"",0,[4,null],[0,"_ZWrite"],[2,null],[[0,"_SrcBlend"],[0,"_DstBlend"],[0,null]],[[0,"_SrcBlend"],[0,"_DstBlend"],[0,null]],[15,null],[0,null],[0,null],[0,null],[255,null],[255,null],[[0,null],[0,null],[0,null],[8,null]],[[0,null],[0,null],[0,null],[8,null]],[[0,null],[0,null],[0,null],[8,null]],[["LIGHTMODE","FORWARDBASE"],["PerformanceChecks","False"],["RenderType","Opaque"],["SHADOWSUPPORT","true"]],["DIRECTIONAL","DIRLIGHTMAP_COMBINED","DYNAMICLIGHTMAP_ON","FOG_EXP","FOG_EXP2","FOG_LINEAR","INSTANCING_ON","LIGHTMAP_ON","LIGHTMAP_SHADOW_MIXING","LIGHTPROBE_SH","SHADOWS_SCREEN","SHADOWS_SHADOWMASK","STEREO_CUBEMAP_RENDER_ON","STEREO_INSTANCING_ON","STEREO_MULTIVIEW_ON","UNITY_SINGLE_PASS_STEREO","VERTEXLIGHT_ON","_ALPHABLEND_ON","_ALPHAPREMULTIPLY_ON","_ALPHATEST_ON","_DETAIL_MULX2","_EMISSION","_GLOSSYREFLECTIONS_OFF","_METALLICGLOSSMAP","_NORMALMAP","_PARALLAXMAP","_SMOOTHNESS_TEXTURE_ALBEDO_CHANNEL_A","_SPECULARHIGHLIGHTS_OFF","__","_"],[],[[0,0,["DIRECTIONAL"],34,35,0,0],[0,0,["DIRECTIONAL"],36,37,1,0],[0,0,["DIRECTIONAL","LIGHTPROBE_SH"],38,39,0,0],[0,0,["DIRECTIONAL","LIGHTPROBE_SH"],40,41,1,0],[0,0,["DIRECTIONAL","LIGHTPROBE_SH","_EMISSION"],38,42,0,0],[0,0,["DIRECTIONAL","LIGHTPROBE_SH","_EMISSION"],40,43,1,0]],[],0],[1,0,"FORWARD_DELTA",5,"",0,[4,null],[0,null],[2,null],[[0,"_SrcBlend"],[1,null],[0,null]],[[0,"_SrcBlend"],[1,null],[0,null]],[15,null],[0,null],[0,null],[0,null],[255,null],[255,null],[[0,null],[0,null],[0,null],[8,null]],[[0,null],[0,null],[0,null],[8,null]],[[0,null],[0,null],[0,null],[8,null]],[["LIGHTMODE","FORWARDADD"],["PerformanceChecks","False"],["RenderType","Opaque"],["SHADOWSUPPORT","true"]],["DIRECTIONAL","DIRECTIONAL_COOKIE","FOG_EXP","FOG_EXP2","FOG_LINEAR","LIGHTMAP_SHADOW_MIXING","POINT","POINT_COOKIE","SHADOWS_CUBE","SHADOWS_DEPTH","SHADOWS_SCREEN","SHADOWS_SHADOWMASK","SHADOWS_SOFT","SPOT","STEREO_CUBEMAP_RENDER_ON","STEREO_INSTANCING_ON","STEREO_MULTIVIEW_ON","UNITY_SINGLE_PASS_STEREO","_ALPHABLEND_ON","_ALPHAPREMULTIPLY_ON","_ALPHATEST_ON","_DETAIL_MULX2","_METALLICGLOSSMAP","_NORMALMAP","_PARALLAXMAP","_SMOOTHNESS_TEXTURE_ALBEDO_CHANNEL_A","_SPECULARHIGHLIGHTS_OFF","__","_"],[],[],[],0],[2,0,"ShadowCaster",8,"",0,[4,null],[1,null],[2,null],[[1,null],[0,null],[0,null]],[[1,null],[0,null],[0,null]],[15,null],[0,null],[0,null],[0,null],[255,null],[255,null],[[0,null],[0,null],[0,null],[8,null]],[[0,null],[0,null],[0,null],[8,null]],[[0,null],[0,null],[0,null],[8,null]],[["LIGHTMODE","SHADOWCASTER"],["PerformanceChecks","False"],["RenderType","Opaque"],["SHADOWSUPPORT","true"]],["INSTANCING_ON","SHADOWS_CUBE","SHADOWS_DEPTH","STEREO_CUBEMAP_RENDER_ON","STEREO_INSTANCING_ON","STEREO_MULTIVIEW_ON","UNITY_SINGLE_PASS_STEREO","_ALPHABLEND_ON","_ALPHAPREMULTIPLY_ON","_ALPHATEST_ON","_METALLICGLOSSMAP","_PARALLAXMAP","_SMOOTHNESS_TEXTURE_ALBEDO_CHANNEL_A","__","_"],[],[],[],0]],[],[["_Color",0,1,1,1,1,"",0],["_MainTex",4,0,0,0,0,"white",0],["_Cutoff",3,0.5,0,1,0,"",0],["_Glossiness",3,0.5,0,1,0,"",0],["_GlossMapScale",3,1,0,1,0,"",0],["_SmoothnessTextureChannel",2,0,0,0,0,"",0],["_Metallic",3,0,0,1,0,"",32],["_MetallicGlossMap",4,0,0,0,0,"white",0],["_SpecularHighlights",2,1,0,0,0,"",0],["_GlossyReflections",2,1,0,0,0,"",0],["_BumpScale",2,1,0,0,0,"",0],["_BumpMap",4,0,0,0,0,"bump",8],["_Parallax",3,0.0199999995529652,0.00499999988824129,0.0799999982118607,0,"",0],["_ParallaxMap",4,0,0,0,0,"black",0],["_OcclusionStrength",3,1,0,1,0,"",0],["_OcclusionMap",4,0,0,0,0,"white",0],["_EmissionColor",0,0,0,0,1,"",0],["_EmissionMap",4,0,0,0,0,"white",0],["_DetailMask",4,0,0,0,0,"white",0],["_DetailAlbedoMap",4,0,0,0,0,"grey",0],["_DetailNormalMapScale",2,1,0,0,0,"",0],["_DetailNormalMap",4,0,0,0,0,"bump",8],["_UVSec",2,0,0,0,0,"",0],["_Mode",2,0,0,0,0,"",1],["_SrcBlend",2,1,0,0,0,"",1],["_DstBlend",2,0,0,0,0,"",1],["_ZWrite",2,1,0,0,0,"",1]],5,68,0,0,0]},{"id":20,"assetBundleId":-2,"data":[[],"Legacy Shaders/Diffuse",null,["DIRECTIONAL","DIRLIGHTMAP_COMBINED","FOG_EXP","FOG_EXP2","FOG_LINEAR","LIGHTMAP_ON","LIGHTPROBE_SH","SHADOWS_SCREEN","SHADOWS_SHADOWMASK","VERTEXLIGHT_ON","DIRECTIONAL_COOKIE","POINT","POINT_COOKIE","SPOT","DYNAMICLIGHTMAP_ON","INSTANCING_ON","LIGHTMAP_SHADOW_MIXING","STEREO_CUBEMAP_RENDER_ON","STEREO_INSTANCING_ON","STEREO_MULTIVIEW_ON","UNITY_SINGLE_PASS_STEREO","__"],[[0,0,"FORWARD",4,"",0,[4,null],[1,null],[2,null],[[1,null],[0,null],[0,null]],[[1,null],[0,null],[0,null]],[15,null],[0,null],[0,null],[0,null],[255,null],[255,null],[[0,null],[0,null],[0,null],[8,null]],[[0,null],[0,null],[0,null],[8,null]],[[0,null],[0,null],[0,null],[8,null]],[["LIGHTMODE","FORWARDBASE"],["RenderType","Opaque"],["SHADOWSUPPORT","true"]],["DIRECTIONAL","DIRLIGHTMAP_COMBINED","DYNAMICLIGHTMAP_ON","FOG_EXP","FOG_EXP2","FOG_LINEAR","INSTANCING_ON","LIGHTMAP_ON","LIGHTMAP_SHADOW_MIXING","LIGHTPROBE_SH","SHADOWS_SCREEN","SHADOWS_SHADOWMASK","STEREO_CUBEMAP_RENDER_ON","STEREO_INSTANCING_ON","STEREO_MULTIVIEW_ON","UNITY_SINGLE_PASS_STEREO","VERTEXLIGHT_ON","__"],[],[],[],0],[1,0,"FORWARD",5,"",0,[4,null],[0,null],[2,null],[[1,null],[1,null],[0,null]],[[1,null],[1,null],[0,null]],[15,null],[0,null],[0,null],[0,null],[255,null],[255,null],[[0,null],[0,null],[0,null],[8,null]],[[0,null],[0,null],[0,null],[8,null]],[[0,null],[0,null],[0,null],[8,null]],[["LIGHTMODE","FORWARDADD"],["RenderType","Opaque"]],["DIRECTIONAL","DIRECTIONAL_COOKIE","FOG_EXP","FOG_EXP2","FOG_LINEAR","POINT","POINT_COOKIE","SPOT","STEREO_CUBEMAP_RENDER_ON","STEREO_INSTANCING_ON","STEREO_MULTIVIEW_ON","UNITY_SINGLE_PASS_STEREO","__"],[],[],[],0]],[],[["_Color",0,1,1,1,1,"",0],["_MainTex",4,0,0,0,0,"white",0]],5,68,0,0,0]},{"id":8,"assetBundleId":-2,"data":[[],"Hidden/Internal-ScreenSpaceShadows",null,["SHADOWS_SINGLE_CASCADE","SHADOWS_SPLIT_SPHERES","STEREO_CUBEMAP_RENDER_ON","STEREO_INSTANCING_ON","STEREO_MULTIVIEW_ON","UNITY_SINGLE_PASS_STEREO"],[[0,0,"",0,"",0,[8,null],[0,null],[0,null],[[1,null],[0,null],[0,null]],[[1,null],[0,null],[0,null]],[15,null],[0,null],[0,null],[0,null],[255,null],[255,null],[[0,null],[0,null],[0,null],[8,null]],[[0,null],[0,null],[0,null],[8,null]],[[0,null],[0,null],[0,null],[8,null]],[["ShadowmapFilter","HardShadow"]],["SHADOWS_SINGLE_CASCADE","SHADOWS_SPLIT_SPHERES","STEREO_CUBEMAP_RENDER_ON","STEREO_INSTANCING_ON","STEREO_MULTIVIEW_ON","UNITY_SINGLE_PASS_STEREO"],[],[[0,0,["SHADOWS_SINGLE_CASCADE","SHADOWS_SPLIT_SPHERES"],44,45,0,1],[0,0,["SHADOWS_SINGLE_CASCADE","SHADOWS_SPLIT_SPHERES"],46,47,1,1]],[],1]],[],[["_ShadowMapTexture",4,0,0,0,0,"",0],["_ODSWorldTexture",4,0,0,0,0,"",0]],null,null,1,0,0]},{"id":68,"assetBundleId":-2,"data":[[],"Legacy Shaders/VertexLit",null,["FOG_EXP","FOG_EXP2","FOG_LINEAR","POINT","SPOT","SHADOWS_DEPTH","STEREO_CUBEMAP_RENDER_ON","STEREO_INSTANCING_ON","STEREO_MULTIVIEW_ON","UNITY_SINGLE_PASS_STEREO","_","__","INSTANCING_ON","SHADOWS_CUBE"],[[0,0,"",1,"",0,[4,null],[1,null],[2,null],[[1,null],[0,null],[0,null]],[[1,null],[0,null],[0,null]],[15,null],[0,null],[0,null],[0,null],[255,null],[255,null],[[0,null],[0,null],[0,null],[8,null]],[[0,null],[0,null],[0,null],[8,null]],[[0,null],[0,null],[0,null],[8,null]],[["LIGHTMODE","Vertex"],["RenderType","Opaque"]],["FOG_EXP","FOG_EXP2","FOG_LINEAR","POINT","SPOT","STEREO_CUBEMAP_RENDER_ON","STEREO_INSTANCING_ON","STEREO_MULTIVIEW_ON","UNITY_SINGLE_PASS_STEREO","_"],[],[],[],0],[1,0,"",2,"",0,[4,null],[1,null],[2,null],[[1,null],[0,null],[0,null]],[[1,null],[0,null],[0,null]],[15,null],[0,null],[0,null],[0,null],[255,null],[255,null],[[0,null],[0,null],[0,null],[8,null]],[[0,null],[0,null],[0,null],[8,null]],[[0,null],[0,null],[0,null],[8,null]],[["LIGHTMODE","VertexLM"],["RenderType","Opaque"]],["FOG_EXP","FOG_EXP2","FOG_LINEAR","STEREO_CUBEMAP_RENDER_ON","STEREO_INSTANCING_ON","STEREO_MULTIVIEW_ON","UNITY_SINGLE_PASS_STEREO","__"],[],[],[],0],[2,0,"ShadowCaster",8,"",0,[4,null],[1,null],[2,null],[[1,null],[0,null],[0,null]],[[1,null],[0,null],[0,null]],[15,null],[0,null],[0,null],[0,null],[255,null],[255,null],[[0,null],[0,null],[0,null],[8,null]],[[0,null],[0,null],[0,null],[8,null]],[[0,null],[0,null],[0,null],[8,null]],[["LIGHTMODE","SHADOWCASTER"],["RenderType","Opaque"],["SHADOWSUPPORT","true"]],["INSTANCING_ON","SHADOWS_CUBE","SHADOWS_DEPTH","STEREO_CUBEMAP_RENDER_ON","STEREO_INSTANCING_ON","STEREO_MULTIVIEW_ON","UNITY_SINGLE_PASS_STEREO","__"],[],[],[],0]],[],[["_Color",0,1,1,1,1,"",0],["_SpecColor",0,1,1,1,1,"",0],["_Emission",0,0,0,0,0,"",0],["_Shininess",3,0.699999988079071,0.00999999977648258,1,0,"",0],["_MainTex",4,0,0,0,0,"white",0]],null,null,0,0,0]}],"sprites":[{"id":728,"path":"Resources/unity_builtin_extra\\UISprite","assetBundleId":-2,"data":["UISprite",6,726,[0,0,0,0.08,0.08,0],[0.05,0.08,0,0.8125,1,0.08,-0.08,0,1,0,0.08,0.075,0,1,0.96875,-0.07,0.08,0,0.0625,1,-0.075,-0.08,0,0.03124997,0,-0.08,0.07,0,0,0.9375,-0.08,-0.05,0,0,0.1875],[6,5,4,3,4,5,1,4,3,0,1,3,2,1,0],-0.000835968181490898,-0.00160364620387554,0.999164044857025,0.998396337032318,0,0,1,1,0.3125,0.3125,0.3125,0.3125,[0,0,0,0],[-0.08,-0.08,0.08,0.08],200,32,32,32,32,16,16,0.0267509818077087,0.0513166785240173]}],"textures":[{"id":726,"type":0,"path":"Resources/unity_builtin_extra\\UISprite","assetBundleId":-2,"data":["UISprite",32,32,6,16,1,0,4,1,1,1,8,0,0,1,1]}],"cubemaps":[{"id":24178,"type":2,"path":"Assets/Scenes/Main.unity/PrefilteredEnvironment.exr","assetBundleId":-2,"data":["",-319452,8,1,128,0,2,[0,0,0.25,0.5,0,0.5,0.25,1,0.25,0,0.5,0.5,0.25,0.5,0.5,1,0.5,0,0.75,0.5,0.75,0,1,0.5,0.5,0.5,0.625,0.75,0.5,0.75,0.625,1,0.625,0.5,0.75,0.75,0.625,0.75,0.75,1,0.75,0.5,0.875,0.75,0.875,0.5,1,0.75,0.75,0.75,0.8125,0.875,0.75,0.875,0.8125,1,0.8125,0.75,0.875,0.875,0.8125,0.875,0.875,1,0.875,0.75,0.9375,0.875,0.9375,0.75,1,0.875,0.875,0.875,0.90625,0.9375,0.875,0.9375,0.90625,1,0.90625,0.875,0.9375,0.9375,0.90625,0.9375,0.9375,1,0.9375,0.875,0.96875,0.9375,0.96875,0.875,1,0.9375,0.9375,0.9375,0.953125,0.96875,0.9375,0.96875,0.953125,1,0.953125,0.9375,0.96875,0.96875,0.953125,0.96875,0.96875,1,0.96875,0.9375,0.984375,0.96875,0.984375,0.9375,1,0.96875,0.96875,0.96875,0.9765625,0.984375,0.96875,0.984375,0.9765625,1,0.9765625,0.96875,0.984375,0.984375,0.9765625,0.984375,0.984375,1,0.984375,0.96875,0.9921875,0.984375,0.9921875,0.96875,1,0.984375,0.984375,0.984375,0.98828125,0.9921875,0.984375,0.9921875,0.98828125,1,0.98828125,0.984375,0.9921875,0.9921875,0.98828125,0.9921875,0.9921875,1,0.9921875,0.984375,0.99609375,0.9921875,0.99609375,0.984375,1,0.9921875,0.9921875,0.9921875,0.994140625,0.99609375,0.9921875,0.99609375,0.994140625,1,0.994140625,0.9921875,0.99609375,0.99609375,0.994140625,0.99609375,0.99609375,1,0.99609375,0.9921875,0.998046875,0.99609375,0.998046875,0.9921875,1,0.99609375],1,1]}],"resources":[{"id":0,"assetBundleId":-2,"data":[[["unity_builtin_extra",5,64],["unity_builtin_extra",5,166],["unity_builtin_extra",4,714],["unity_builtin_extra",5,298],["unity_builtin_extra",4,708],["fonts & materials/liberationsans sdf",6,22614],["fonts & materials/liberationsans sdf",4,22398],["fonts & materials/liberationsans sdf - fallback",6,22644],["fonts & materials/liberationsans sdf - fallback",4,22642],["fonts & materials/liberationsans sdf - fallback",54,22618],["fonts & materials/liberationsans sdf",54,22396],["unity_builtin_extra",5,150],["unity_builtin_extra",6,726],["unity_builtin_extra",33,728],["unity_builtin_extra",4,710],["unity_builtin_extra",5,30],["dotweensettings",71,24042],["sprite assets/emojione",4,24046],["sprite assets/emojione",73,24030],["style sheets/default style sheet",74,24036],["linebreaking leading characters",75,24038],["linebreaking following characters",75,24040],["tmp settings",72,24032],["unity_builtin_extra",5,8]],[22386,22388,22818,22388,22820,22388,22560,22558,22966,22558,22562,22558,22606,22608,23964,22608,23966,22608,23968,22608,22610,22608,23958,22608,23972,22608,23960,22608,-319128,-319122,24000,22608,24002,22608,24004,22608,24006,22608,23988,22608,23990,22608,23992,22608,23994,22608,-319134,-319122,-319146,-319122,-319154,-319122,-319124,-319122,23976,22608,-319162,-319122,23996,22608,23998,22608,-319166,-319122,23980,22608,-319174,-319122,22540,22542,22956,22542,22544,22542,22958,22542,22960,22542,22548,22542,22538,22542,22970,22580,23126,22580,23128,22580,23130,22580,23132,22580,23134,22580,23136,22580,23138,22580,23140,22580,23142,22580,23144,22580,22582,22580,22972,22580,23060,22580,23062,22580,23064,22580,23066,22580,23068,22580,23070,22580,23072,22580,23074,22580,23076,22580,23078,22580,22974,22580,23170,22580,23172,22580,23174,22580,23176,22580,23178,22580,23180,22580,23182,22580,23184,22580,23186,22580,23188,22580,22976,22580,23016,22580,23018,22580,23020,22580,23022,22580,23024,22580,23026,22580,23028,22580,23030,22580,23032,22580,23034,22580,22978,22580,22994,22580,22996,22580,22998,22580,23000,22580,23002,22580,23004,22580,23006,22580,23008,22580,23010,22580,23012,22580,22980,22580,23104,22580,23106,22580,23108,22580,23110,22580,23112,22580,23114,22580,23116,22580,23118,22580,23120,22580,23122,22580,22982,22580,23148,22580,23150,22580,23152,22580,23154,22580,23156,22580,23158,22580,23160,22580,23162,22580,23164,22580,23166,22580,22984,22580,23038,22580,23040,22580,23042,22580,23044,22580,23046,22580,23048,22580,23050,22580,23052,22580,23054,22580,23056,22580,22986,22580,23082,22580,23084,22580,23086,22580,23088,22580,23090,22580,23092,22580,23094,22580,23096,22580,23098,22580,23100,22580,22988,22580,23192,22580,23194,22580,22990,22580,-318092,-318086,23618,22580,23620,22580,23622,22580,23750,22580,23752,22580,23754,22580,23426,22580,23428,22580,23430,22580,23390,22580,23392,22580,23394,22580,23894,22580,23896,22580,23898,22580,23906,22580,23908,22580,23910,22580,23492,22580,23494,22580,23496,22580,23798,22580,23800,22580,23802,22580,23438,22580,23440,22580,23442,22580,23456,22580,23458,22580,23460,22580,-318096,-318086,-318106,-318086,-318116,-318086,-318126,-318086,-318136,-318086,-318146,-318086,-318156,-318086,-318166,-318086,-318176,-318086,-318186,-318086,-318088,-318086,-318196,-318086,23660,22580,23662,22580,23664,22580,23876,22580,23878,22580,23880,22580,23708,22580,23710,22580,23712,22580,23588,22580,23590,22580,23592,22580,23810,22580,23812,22580,23814,22580,23822,22580,23824,22580,23826,22580,23612,22580,23614,22580,23616,22580,23642,22580,23644,22580,23646,22580,23804,22580,23806,22580,23808,22580,23834,22580,23836,22580,23838,22580,-318200,-318086,-318210,-318086,-318220,-318086,-318230,-318086,-318240,-318086,-318250,-318086,-318260,-318086,-318270,-318086,-318280,-318086,-318290,-318086,-318300,-318086,23780,22580,23782,22580,23784,22580,23870,22580,23872,22580,23874,22580,23720,22580,23722,22580,23724,22580,23846,22580,23848,22580,23850,22580,23654,22580,23656,22580,23658,22580,23420,22580,23422,22580,23424,22580,23684,22580,23686,22580,23688,22580,23474,22580,23476,22580,23478,22580,23516,22580,23518,22580,23520,22580,23930,22580,23932,22580,23934,22580,-318304,-318086,-318314,-318086,-318324,-318086,-318334,-318086,-318344,-318086,-318354,-318086,-318364,-318086,-318374,-318086,-318384,-318086,-318394,-318086,-318404,-318086,23672,22580,23674,22580,23676,22580,23714,22580,23716,22580,23718,22580,23534,22580,23536,22580,23538,22580,23726,22580,23728,22580,23730,22580,23558,22580,23560,22580,23562,22580,23744,22580,23746,22580,23748,22580,23912,22580,23914,22580,23916,22580,23480,22580,23482,22580,23484,22580,23582,22580,23584,22580,23586,22580,23786,22580,23788,22580,23790,22580,-318408,-318086,-318418,-318086,-318428,-318086,-318438,-318086,-318448,-318086,-318458,-318086,-318468,-318086,-318478,-318086,-318488,-318086,-318498,-318086,-318508,-318086,23918,22580,23920,22580,23922,22580,23594,22580,23596,22580,23598,22580,23828,22580,23830,22580,23832,22580,23432,22580,23434,22580,23436,22580,23852,22580,23854,22580,23856,22580,23540,22580,23542,22580,23544,22580,23606,22580,23608,22580,23610,22580,23414,22580,23416,22580,23418,22580,23498,22580,23500,22580,23502,22580,23486,22580,23488,22580,23490,22580,-318512,-318086,-318522,-318086,-318532,-318086,-318542,-318086,-318552,-318086,-318562,-318086,-318572,-318086,-318582,-318086,-318592,-318086,-318602,-318086,-318612,-318086,23756,22580,23758,22580,23760,22580,23408,22580,23410,22580,23412,22580,23882,22580,23884,22580,23886,22580,23864,22580,23866,22580,23868,22580,23462,22580,23464,22580,23466,22580,23690,22580,23692,22580,23694,22580,23792,22580,23794,22580,23796,22580,23396,22580,23398,22580,23400,22580,23630,22580,23632,22580,23634,22580,23768,22580,23770,22580,23772,22580,-318616,-318086,-318626,-318086,-318636,-318086,-318646,-318086,-318656,-318086,-318666,-318086,-318676,-318086,-318686,-318086,-318696,-318086,-318706,-318086,-318716,-318086,23522,22580,23524,22580,23526,22580,23900,22580,23902,22580,23904,22580,23546,22580,23548,22580,23550,22580,23774,22580,23776,22580,23778,22580,23858,22580,23860,22580,23862,22580,23450,22580,23452,22580,23454,22580,23888,22580,23890,22580,23892,22580,23624,22580,23626,22580,23628,22580,23666,22580,23668,22580,23670,22580,23504,22580,23506,22580,23508,22580,-318720,-318086,-318730,-318086,-318740,-318086,-318750,-318086,-318760,-318086,-318770,-318086,-318780,-318086,-318790,-318086,-318800,-318086,-318810,-318086,-318820,-318086,23648,22580,23650,22580,23652,22580,23738,22580,23740,22580,23742,22580,23600,22580,23602,22580,23604,22580,23762,22580,23764,22580,23766,22580,23696,22580,23698,22580,23700,22580,23702,22580,23704,22580,23706,22580,23936,22580,23938,22580,23940,22580,23528,22580,23530,22580,23532,22580,23732,22580,23734,22580,23736,22580,23468,22580,23470,22580,23472,22580,-318824,-318086,-318834,-318086,-318844,-318086,-318854,-318086,-318864,-318086,-318874,-318086,-318884,-318086,-318894,-318086,-318904,-318086,-318914,-318086,-318924,-318086,23576,22580,23578,22580,23580,22580,23444,22580,23446,22580,23448,22580,23510,22580,23512,22580,23514,22580,23636,22580,23638,22580,23640,22580,23924,22580,23926,22580,23928,22580,23552,22580,23554,22580,23556,22580,23402,22580,23404,22580,23406,22580,23816,22580,23818,22580,23820,22580,23678,22580,23680,22580,23682,22580,23840,22580,23842,22580,23844,22580,-318928,-318086,-318938,-318086,-318948,-318086,-318958,-318086,-318968,-318086,-318978,-318086,-318988,-318086,-318998,-318086,-319008,-318086,-319018,-318086,-319028,-318086,23378,22580,23380,22580,23382,22580,23384,22580,23386,22580,23388,22580,23564,22580,23566,22580,23568,22580,23570,22580,23572,22580,23574,22580,-319044,-318086,-319060,-318086,23198,22580,23200,22580,23202,22580,23204,22580,23206,22580,23208,22580,23196,22580,-319076,-318086,22826,22470,22834,22470,22836,22470,22838,22470,22840,22470,22842,22470,22844,22470,22846,22470,22848,22470,22850,22470,22852,22470,22464,22470,22480,22470,22830,22470,22890,22470,-319184,-319178,22902,22470,22904,22470,22906,22470,22944,22470,22946,22470,22948,22470,22950,22470,22952,22470,22954,22470,22914,22470,22916,22470,22918,22470,22908,22470,22910,22470,22912,22470,22896,22470,22898,22470,22900,22470,22920,22470,22922,22470,22924,22470,22938,22470,22940,22470,22942,22470,22932,22470,22934,22470,22936,22470,22926,22470,22928,22470,22930,22470,-319188,-319178,-319198,-319178,-319208,-319178,-319218,-319178,-319228,-319178,-319238,-319178,-319248,-319178,-319258,-319178,-319268,-319178,-319278,-319178,-319180,-319178,-319288,-319178,22892,22470,-319308,-319178,22856,22470,22858,22470,22860,22470,22862,22470,22864,22470,22466,22470,-319310,-319178,22468,22470,22866,22470,-316744,-316738,-316748,-316738,-316758,-316738,-316768,-316738,-316778,-316738,-316788,-316738,-316798,-316738,-316808,-316738,-316818,-316738,-316828,-316738,-316838,-316738,-316740,-316738,-316848,-316738,-316868,-316738,-316870,-316738,-316880,-316874,-316884,-316874,-316894,-316874,-316904,-316874,-316914,-316874,-316924,-316874,-316934,-316874,-316944,-316874,-316954,-316874,-316964,-316874,-316974,-316874,-316876,-316874,-316984,-316874,-317004,-316874,-317006,-316874,22402,22432,22786,22432,22788,22432,22784,22432,22794,22432,22796,22432,22792,22432,22790,22432,22802,22432,22804,22432,22800,22432,22798,22432,22778,22432,22772,22432,22768,22432,22808,22432,22810,22432,22806,22432,22774,22432,22812,22432,22814,22432,22780,22432,22776,22432,22766,22432,22762,22432,22764,22432,29792,29834,22456,22432,-316668,29834,-316672,29834,-316664,29834,-316684,29834,-316688,29834,-316680,29834,-316676,29834,-316700,29834,-316704,29834,-316696,29834,-316692,29834,-316660,29834,-316656,29834,-316652,29834,-316716,29834,-316720,29834,-316712,29834,-316708,29834,-316732,29834,-316736,29834,-316728,29834,-316724,29834,-316648,29834,22770,22432,-316636,29834,-316642,29834,22380,22382,22648,22382,22650,22382,29894,29678,29860,29678,29692,29678,30010,29678,22394,22392,22686,22392,22688,22392,22684,22392,22694,22392,22696,22392,22692,22392,22690,22392,22702,22392,22704,22392,22700,22392,22698,22392,22682,22392,22672,22392,22668,22392,22708,22392,22710,22392,22706,22392,22674,22392,22714,22392,22716,22392,22712,22392,22676,22392,22660,22392,22656,22392,22658,22392,30104,29834,22522,22392,-318016,29834,-318020,29834,-318012,29834,-318032,29834,-318036,29834,-318028,29834,-318024,29834,-318048,29834,-318052,29834,-318044,29834,-318040,29834,-318008,29834,-318004,29834,-318000,29834,-318064,29834,-318068,29834,-318060,29834,-318056,29834,-318080,29834,-318084,29834,-318076,29834,-318072,29834,-317996,29834,22528,22392,-317984,29834,-317990,29834,22482,22392,22662,22392,22664,22392,22484,22392,29948,29834,-317396,29834,-317400,29834,-317392,29834,-317412,29834,-317416,29834,-317408,29834,-317404,29834,-317428,29834,-317432,29834,-317424,29834,-317420,29834,-317388,29834,-317384,29834,-317380,29834,-317444,29834,-317448,29834,-317440,29834,-317436,29834,-317460,29834,-317464,29834,-317456,29834,-317452,29834,-317376,29834,-317364,29834,-317370,29834,29704,29834,-317280,29834,-317284,29834,-317276,29834,-317296,29834,-317300,29834,-317292,29834,-317288,29834,-317312,29834,-317316,29834,-317308,29834,-317304,29834,-317272,29834,-317268,29834,-317264,29834,-317328,29834,-317332,29834,-317324,29834,-317320,29834,-317344,29834,-317348,29834,-317340,29834,-317336,29834,-317260,29834,-317248,29834,-317254,29834,30098,29834,-317544,29834,-317548,29834,-317540,29834,-317560,29834,-317564,29834,-317556,29834,-317552,29834,-317576,29834,-317580,29834,-317572,29834,-317568,29834,-317536,29834,-317532,29834,-317528,29834,-317592,29834,-317596,29834,-317588,29834,-317584,29834,-317608,29834,-317612,29834,-317604,29834,-317600,29834,-317524,29834,-317512,29834,-317518,29834,29818,29834,-317780,29834,-317784,29834,-317776,29834,-317796,29834,-317800,29834,-317792,29834,-317788,29834,-317812,29834,-317816,29834,-317808,29834,-317804,29834,-317772,29834,-317768,29834,-317764,29834,-317828,29834,-317832,29834,-317824,29834,-317820,29834,-317844,29834,-317848,29834,-317840,29834,-317836,29834,-317760,29834,-317748,29834,-317754,29834,29754,29834,-317668,29834,-317672,29834,-317664,29834,-317684,29834,-317688,29834,-317680,29834,-317676,29834,-317700,29834,-317704,29834,-317696,29834,-317692,29834,-317660,29834,-317656,29834,-317652,29834,-317716,29834,-317720,29834,-317712,29834,-317708,29834,-317732,29834,-317736,29834,-317728,29834,-317724,29834,-317648,29834,-317636,29834,-317642,29834,30076,29834,-317892,29834,-317896,29834,-317888,29834,-317908,29834,-317912,29834,-317904,29834,-317900,29834,-317924,29834,-317928,29834,-317920,29834,-317916,29834,-317884,29834,-317880,29834,-317876,29834,-317940,29834,-317944,29834,-317936,29834,-317932,29834,-317956,29834,-317960,29834,-317952,29834,-317948,29834,-317872,29834,-317860,29834,-317866,29834,29744,29834,-317164,29834,-317168,29834,-317160,29834,-317180,29834,-317184,29834,-317176,29834,-317172,29834,-317196,29834,-317200,29834,-317192,29834,-317188,29834,-317156,29834,-317152,29834,-317148,29834,-317212,29834,-317216,29834,-317208,29834,-317204,29834,-317228,29834,-317232,29834,-317224,29834,-317220,29834,-317144,29834,-317132,29834,-317138,29834,30070,29834,-317052,29834,-317056,29834,-317048,29834,-317068,29834,-317072,29834,-317064,29834,-317060,29834,-317084,29834,-317088,29834,-317080,29834,-317076,29834,-317044,29834,-317040,29834,-317036,29834,-317100,29834,-317104,29834,-317096,29834,-317092,29834,-317116,29834,-317120,29834,-317112,29834,-317108,29834,-317032,29834,-317020,29834,-317026,29834,22462,22556,22622,22556,22624,22556,29750,29732,22602,22600,23948,22600,23950,22600,23952,22600,23954,22600,23956,22600]]}],"project-settings":[{"id":-1,"assetBundleId":-2,"data":[[["UnityEngine.EventSystems.EventSystem",-1000],["TMPro.TextMeshProUGUI",-100],["UnityEngine.UI.ToggleGroup",10],["TMPro.TextContainer",-110],["TMPro.TextMeshPro",-105]],[[0,"Default",0]],[[0,"Default"],[1,"TransparentFX"],[2,"Ignore Raycast"],[4,"Water"],[5,"UI"],[6,"IgnoreNavMesh"],[7,"Bot"]],[0.0199999995529652,0.333333343267441,1,0.0299999993294477],[0,-9.8100004196167,0,6,2,0,1,[[0,0,0],[0,0,1],[0,0,2],[0,0,4],[0,0,5],[0,0,6],[0,0,7],[0,1,0],[0,1,1],[0,1,2],[0,1,4],[0,1,5],[0,1,6],[0,1,7],[0,2,0],[0,2,1],[0,2,2],[0,2,4],[0,2,5],[0,2,6],[0,2,7],[0,4,0],[0,4,1],[0,4,2],[0,4,4],[0,4,5],[0,4,6],[0,4,7],[0,5,0],[0,5,1],[0,5,2],[0,5,4],[0,5,5],[0,5,6],[0,5,7],[0,6,0],[0,6,1],[0,6,2],[0,6,4],[0,6,5],[0,6,6],[0,6,7],[0,7,0],[0,7,1],[0,7,2],[0,7,4],[0,7,5],[0,7,6],[0,7,7]]],[null,null,0,-9.8100004196167,3,8,1,0.200000002980232,8,100,360,0.200000002980232,0.75,0.5,0.00999999977648258,2,0.00999999977648258,1,1,1,1,1,0,[[0,0,0],[0,0,1],[0,0,2],[0,0,4],[0,0,5],[0,0,6],[0,0,7],[0,1,0],[0,1,1],[0,1,2],[0,1,4],[0,1,5],[0,1,6],[0,1,7],[0,2,0],[0,2,1],[0,2,2],[0,2,4],[0,2,5],[0,2,6],[0,2,7],[0,4,0],[0,4,1],[0,4,2],[0,4,4],[0,4,5],[0,4,6],[0,4,7],[0,5,0],[0,5,1],[0,5,2],[0,5,4],[0,5,5],[0,5,6],[0,5,7],[0,6,0],[0,6,1],[0,6,2],[0,6,4],[0,6,5],[0,6,6],[0,6,7],[0,7,0],[0,7,1],[0,7,2],[0,7,4],[0,7,5],[0,7,6],[0,7,7]]],[[[[],["Very Low","Low","Medium","High","Very High","Ultra"],0,0,0,0.300000011920929,1,15,0,1,0,0,0,0,0,1,2,4,0,0,0.333333343267441,0.0666666701436043,0.200000002980232,0.466666668653488,0,0,16,2,0,3,512,0,1,2,512,1,1024,0],[[],["Very Low","Low","Medium","High","Very High","Ultra"],0,0,0,0.400000005960464,1,20,0,1,0,0,0,0,0,0,2,16,0,0,0.333333343267441,0.0666666701436043,0.200000002980232,0.466666668653488,0,0,16,2,0,3,512,0,1,2,512,1,1024,1],[[],["Very Low","Low","Medium","High","Very High","Ultra"],1,1,0,0.699999988079071,1,20,0,1,0,0,0,0,0,0,2,64,1,0,0.333333343267441,0.0666666701436043,0.200000002980232,0.466666668653488,0,0,16,2,0,3,512,0,1,2,512,1,1024,2],[[],["Very Low","Low","Medium","High","Very High","Ultra"],2,1,0,1,2,40,1,1,1,0,1,0,0,0,2,256,2,1,0.333333343267441,0.0666666701436043,0.200000002980232,0.466666668653488,0,0,16,2,1,3,512,0,1,2,512,1,1024,3],[[],["Very Low","Low","Medium","High","Very High","Ultra"],2,1,2,1.5,2,70,1,1,2,1,1,0,0,0,2,1024,3,1,0.333333343267441,0.0666666701436043,0.200000002980232,0.466666668653488,0,0,16,2,1,3,512,0,1,2,512,1,1024,4],[[],["Very Low","Low","Medium","High","Very High","Ultra"],2,1,4,2,4,150,1,1,2,1,1,0,0,0,2,4096,4,1,0.333333343267441,0.0666666701436043,0.200000002980232,0.466666668653488,0,0,16,2,1,3,512,0,1,2,512,1,1024,5]],["Very Low","Low","Medium","High","Very High","Ultra"],1,1,0,0.699999988079071,1,20,0,1,0,0,0,0,0,0,2,64,1,0,0.333333343267441,0.0666666701436043,0.200000002980232,0.466666668653488,0,0,16,2,0,3,512,0,1,2,512,1,1024,2],1,0,0,2,0,["Untagged","Respawn","Finish","EditorOnly","MainCamera","Player","GameController","Target","Obstacle","Bot"]]}]}