{"materials":[{"id":484,"path":"Resources/unity_builtin_extra\\Sprites-Default","assetBundleId":-2,"data":["Sprites-Default",5,28,3000,0,[["PixelSnap",0],["_EnableExternalAlpha",0]],[["_Color",1,1,1,1],["_RendererColor",1,1,1,1]],[["_MainTex_ST",1,1,0,0],["_Flip",1,1,1,1],["_AlphaTex_ST",1,1,0,0]],[["_MainTex",null,null],["_AlphaTex",null,null]],[]]},{"id":734,"path":"Resources/unity_builtin_extra\\Default-Skybox","assetBundleId":-2,"data":["Default-Skybox",5,150,1000,0,[["_SunDisk",1],["_SunSize",0.0399999991059303],["_SunSizeConvergence",5],["_AtmosphereThickness",1],["_Exposure",1.29999995231628]],[["_SkyTint",0.5,0.5,0.5,1],["_GroundColor",0.368999987840652,0.349000006914139,0.340999990701675,1]],[],[],[["_SUNDISK_SIMPLE",1]]]},{"id":738,"path":"Resources/unity_builtin_extra\\Default-Line","assetBundleId":-2,"data":["Default-Line",5,166,3000,0,[["_InvFade",1]],[],[["_MainTex_ST",1,1,0,0]],[["_MainTex",null,null]],[]]}],"shaders":[{"id":148,"assetBundleId":-2,"data":[[],"Skybox/6 Sided",null,["STEREO_CUBEMAP_RENDER_ON","STEREO_INSTANCING_ON","STEREO_MULTIVIEW_ON","UNITY_SINGLE_PASS_STEREO"],[[0,0,"",0,"",0,[4,null],[0,null],[0,null],[[1,null],[0,null],[0,null]],[[1,null],[0,null],[0,null]],[15,null],[0,null],[0,null],[0,null],[255,null],[255,null],[[0,null],[0,null],[0,null],[8,null]],[[0,null],[0,null],[0,null],[8,null]],[[0,null],[0,null],[0,null],[8,null]],[["PreviewType","Skybox"],["QUEUE","Background"],["RenderType","Background"]],["STEREO_CUBEMAP_RENDER_ON","STEREO_INSTANCING_ON","STEREO_MULTIVIEW_ON","UNITY_SINGLE_PASS_STEREO"],[],[[0,0,[],0,1,0,0],[0,0,[],2,3,1,0]],[],0],[1,0,"",0,"",0,[4,null],[0,null],[0,null],[[1,null],[0,null],[0,null]],[[1,null],[0,null],[0,null]],[15,null],[0,null],[0,null],[0,null],[255,null],[255,null],[[0,null],[0,null],[0,null],[8,null]],[[0,null],[0,null],[0,null],[8,null]],[[0,null],[0,null],[0,null],[8,null]],[["PreviewType","Skybox"],["QUEUE","Background"],["RenderType","Background"]],["STEREO_CUBEMAP_RENDER_ON","STEREO_INSTANCING_ON","STEREO_MULTIVIEW_ON","UNITY_SINGLE_PASS_STEREO"],[],[],[],0],[2,0,"",0,"",0,[4,null],[0,null],[0,null],[[1,null],[0,null],[0,null]],[[1,null],[0,null],[0,null]],[15,null],[0,null],[0,null],[0,null],[255,null],[255,null],[[0,null],[0,null],[0,null],[8,null]],[[0,null],[0,null],[0,null],[8,null]],[[0,null],[0,null],[0,null],[8,null]],[["PreviewType","Skybox"],["QUEUE","Background"],["RenderType","Background"]],["STEREO_CUBEMAP_RENDER_ON","STEREO_INSTANCING_ON","STEREO_MULTIVIEW_ON","UNITY_SINGLE_PASS_STEREO"],[],[],[],0],[3,0,"",0,"",0,[4,null],[0,null],[0,null],[[1,null],[0,null],[0,null]],[[1,null],[0,null],[0,null]],[15,null],[0,null],[0,null],[0,null],[255,null],[255,null],[[0,null],[0,null],[0,null],[8,null]],[[0,null],[0,null],[0,null],[8,null]],[[0,null],[0,null],[0,null],[8,null]],[["PreviewType","Skybox"],["QUEUE","Background"],["RenderType","Background"]],["STEREO_CUBEMAP_RENDER_ON","STEREO_INSTANCING_ON","STEREO_MULTIVIEW_ON","UNITY_SINGLE_PASS_STEREO"],[],[],[],0],[4,0,"",0,"",0,[4,null],[0,null],[0,null],[[1,null],[0,null],[0,null]],[[1,null],[0,null],[0,null]],[15,null],[0,null],[0,null],[0,null],[255,null],[255,null],[[0,null],[0,null],[0,null],[8,null]],[[0,null],[0,null],[0,null],[8,null]],[[0,null],[0,null],[0,null],[8,null]],[["PreviewType","Skybox"],["QUEUE","Background"],["RenderType","Background"]],["STEREO_CUBEMAP_RENDER_ON","STEREO_INSTANCING_ON","STEREO_MULTIVIEW_ON","UNITY_SINGLE_PASS_STEREO"],[],[],[],0],[5,0,"",0,"",0,[4,null],[0,null],[0,null],[[1,null],[0,null],[0,null]],[[1,null],[0,null],[0,null]],[15,null],[0,null],[0,null],[0,null],[255,null],[255,null],[[0,null],[0,null],[0,null],[8,null]],[[0,null],[0,null],[0,null],[8,null]],[[0,null],[0,null],[0,null],[8,null]],[["PreviewType","Skybox"],["QUEUE","Background"],["RenderType","Background"]],["STEREO_CUBEMAP_RENDER_ON","STEREO_INSTANCING_ON","STEREO_MULTIVIEW_ON","UNITY_SINGLE_PASS_STEREO"],[],[],[],0]],[],[["_Tint",0,0.5,0.5,0.5,0.5,"",0],["_Exposure",3,1,0,8,0,"",32],["_Rotation",3,0,0,360,0,"",0],["_FrontTex",4,0,0,0,0,"grey",4],["_BackTex",4,0,0,0,0,"grey",4],["_LeftTex",4,0,0,0,0,"grey",4],["_RightTex",4,0,0,0,0,"grey",4],["_UpTex",4,0,0,0,0,"grey",4],["_DownTex",4,0,0,0,0,"grey",4]],null,null,0,0,0]},{"id":150,"assetBundleId":-2,"data":[[],"Skybox/Procedural",null,["_SUNDISK_HIGH_QUALITY","_SUNDISK_NONE","_SUNDISK_SIMPLE","STEREO_CUBEMAP_RENDER_ON","STEREO_INSTANCING_ON","STEREO_MULTIVIEW_ON","UNITY_SINGLE_PASS_STEREO"],[[0,0,"",0,"",0,[4,null],[0,null],[0,null],[[1,null],[0,null],[0,null]],[[1,null],[0,null],[0,null]],[15,null],[0,null],[0,null],[0,null],[255,null],[255,null],[[0,null],[0,null],[0,null],[8,null]],[[0,null],[0,null],[0,null],[8,null]],[[0,null],[0,null],[0,null],[8,null]],[["PreviewType","Skybox"],["QUEUE","Background"],["RenderType","Background"]],["STEREO_CUBEMAP_RENDER_ON","STEREO_INSTANCING_ON","STEREO_MULTIVIEW_ON","UNITY_SINGLE_PASS_STEREO","_SUNDISK_HIGH_QUALITY","_SUNDISK_NONE","_SUNDISK_SIMPLE"],[],[],[],0]],[],[["_SunDisk",2,2,0,0,0,"",0],["_SunSize",3,0.0399999991059303,0,1,0,"",0],["_SunSizeConvergence",3,5,1,10,0,"",0],["_AtmosphereThickness",3,1,0,5,0,"",0],["_SkyTint",0,0.5,0.5,0.5,1,"",0],["_GroundColor",0,0.368999987840652,0.349000006914139,0.340999990701675,1,"",0],["_Exposure",3,1.29999995231628,0,8,0,"",0]],null,null,0,0,0]},{"id":166,"assetBundleId":-2,"data":[[],"Legacy Shaders/Particles/Alpha Blended Premultiply",null,["SOFTPARTICLES_ON","STEREO_CUBEMAP_RENDER_ON","STEREO_INSTANCING_ON","STEREO_MULTIVIEW_ON","UNITY_SINGLE_PASS_STEREO","__"],[[0,0,"",0,"",0,[4,null],[0,null],[0,null],[[1,null],[10,null],[0,null]],[[1,null],[10,null],[0,null]],[14,null],[0,null],[0,null],[0,null],[255,null],[255,null],[[0,null],[0,null],[0,null],[8,null]],[[0,null],[0,null],[0,null],[8,null]],[[0,null],[0,null],[0,null],[8,null]],[["IGNOREPROJECTOR","true"],["PreviewType","Plane"],["QUEUE","Transparent"],["RenderType","Transparent"]],["SOFTPARTICLES_ON","STEREO_CUBEMAP_RENDER_ON","STEREO_INSTANCING_ON","STEREO_MULTIVIEW_ON","UNITY_SINGLE_PASS_STEREO","__"],[],[[0,0,[],4,5,0,0],[0,0,[],6,7,1,0]],[],0]],[],[["_MainTex",4,0,0,0,0,"white",0],["_InvFade",3,1,0.00999999977648258,3,0,"",0]],null,null,0,0,0]},{"id":28,"assetBundleId":-2,"data":[[],"Sprites/Default",null,["PIXELSNAP_ON","ETC1_EXTERNAL_ALPHA","INSTANCING_ON","STEREO_CUBEMAP_RENDER_ON","STEREO_INSTANCING_ON","STEREO_MULTIVIEW_ON","UNITY_SINGLE_PASS_STEREO","_","__"],[[0,0,"",0,"",0,[4,null],[0,null],[0,null],[[1,null],[10,null],[0,null]],[[1,null],[10,null],[0,null]],[15,null],[0,null],[0,null],[0,null],[255,null],[255,null],[[0,null],[0,null],[0,null],[8,null]],[[0,null],[0,null],[0,null],[8,null]],[[0,null],[0,null],[0,null],[8,null]],[["CanUseSpriteAtlas","true"],["IGNOREPROJECTOR","true"],["PreviewType","Plane"],["QUEUE","Transparent"],["RenderType","Transparent"]],["ETC1_EXTERNAL_ALPHA","INSTANCING_ON","PIXELSNAP_ON","STEREO_CUBEMAP_RENDER_ON","STEREO_INSTANCING_ON","STEREO_MULTIVIEW_ON","UNITY_SINGLE_PASS_STEREO","_","__"],[],[[0,0,[],8,9,0,0],[0,0,[],10,11,1,0]],[],0]],[],[["_MainTex",4,0,0,0,0,"white",2],["_Color",0,1,1,1,1,"",0],["PixelSnap",2,0,0,0,0,"",0],["_RendererColor",0,1,1,1,1,"",1],["_Flip",1,1,1,1,1,"",1],["_AlphaTex",4,0,0,0,0,"white",2],["_EnableExternalAlpha",2,0,0,0,0,"",2]],null,null,0,0,0]},{"id":288,"assetBundleId":-2,"data":[[],"Mobile/Unlit (Supports Lightmap)",null,["FOG_EXP","FOG_EXP2","FOG_LINEAR","STEREO_CUBEMAP_RENDER_ON","STEREO_INSTANCING_ON","STEREO_MULTIVIEW_ON","UNITY_SINGLE_PASS_STEREO","_","__"],[[0,0,"",1,"",0,[4,null],[1,null],[2,null],[[1,null],[0,null],[0,null]],[[1,null],[0,null],[0,null]],[15,null],[0,null],[0,null],[0,null],[255,null],[255,null],[[0,null],[0,null],[0,null],[8,null]],[[0,null],[0,null],[0,null],[8,null]],[[0,null],[0,null],[0,null],[8,null]],[["LIGHTMODE","Vertex"],["RenderType","Opaque"]],["FOG_EXP","FOG_EXP2","FOG_LINEAR","STEREO_CUBEMAP_RENDER_ON","STEREO_INSTANCING_ON","STEREO_MULTIVIEW_ON","UNITY_SINGLE_PASS_STEREO","_"],[],[[0,0,["FOG_LINEAR"],12,13,0,0],[0,0,["FOG_LINEAR"],14,15,1,0]],[],0],[1,0,"",2,"",0,[4,null],[1,null],[2,null],[[1,null],[0,null],[0,null]],[[1,null],[0,null],[0,null]],[15,null],[0,null],[0,null],[0,null],[255,null],[255,null],[[0,null],[0,null],[0,null],[8,null]],[[0,null],[0,null],[0,null],[8,null]],[[0,null],[0,null],[0,null],[8,null]],[["LIGHTMODE","VertexLM"],["RenderType","Opaque"]],["FOG_EXP","FOG_EXP2","FOG_LINEAR","STEREO_CUBEMAP_RENDER_ON","STEREO_INSTANCING_ON","STEREO_MULTIVIEW_ON","UNITY_SINGLE_PASS_STEREO","__"],[],[],[],0]],[],[["_MainTex",4,0,0,0,0,"white",0]],null,null,0,0,0]},{"id":298,"assetBundleId":-2,"data":[[],"Unlit/Transparent",null,["FOG_EXP","FOG_EXP2","FOG_LINEAR","STEREO_CUBEMAP_RENDER_ON","STEREO_INSTANCING_ON","STEREO_MULTIVIEW_ON","UNITY_SINGLE_PASS_STEREO","__"],[[0,0,"",0,"",0,[4,null],[0,null],[2,null],[[5,null],[10,null],[0,null]],[[5,null],[10,null],[0,null]],[15,null],[0,null],[0,null],[0,null],[255,null],[255,null],[[0,null],[0,null],[0,null],[8,null]],[[0,null],[0,null],[0,null],[8,null]],[[0,null],[0,null],[0,null],[8,null]],[["IGNOREPROJECTOR","true"],["QUEUE","Transparent"],["RenderType","Transparent"]],["FOG_EXP","FOG_EXP2","FOG_LINEAR","STEREO_CUBEMAP_RENDER_ON","STEREO_INSTANCING_ON","STEREO_MULTIVIEW_ON","UNITY_SINGLE_PASS_STEREO","__"],[],[[0,0,[],16,17,0,0],[0,0,[],18,19,1,0],[0,0,["FOG_LINEAR"],20,21,0,0],[0,0,["FOG_LINEAR"],22,23,1,0]],[],0]],[],[["_MainTex",4,0,0,0,0,"white",0]],null,null,0,0,0]},{"id":30,"assetBundleId":-2,"data":[[],"UI/Default",null,["UNITY_UI_ALPHACLIP","UNITY_UI_CLIP_RECT","STEREO_CUBEMAP_RENDER_ON","STEREO_INSTANCING_ON","STEREO_MULTIVIEW_ON","UNITY_SINGLE_PASS_STEREO","_"],[[0,0,"Default",0,"",0,[0,"unity_GUIZTestMode"],[0,null],[0,null],[[1,null],[10,null],[0,null]],[[1,null],[10,null],[0,null]],[0,"_ColorMask"],[0,null],[0,null],[0,"_Stencil"],[0,"_StencilReadMask"],[0,"_StencilWriteMask"],[[0,"_StencilOp"],[0,null],[0,null],[0,"_StencilComp"]],[[0,null],[0,null],[0,null],[8,null]],[[0,null],[0,null],[0,null],[8,null]],[["CanUseSpriteAtlas","true"],["IGNOREPROJECTOR","true"],["PreviewType","Plane"],["QUEUE","Transparent"],["RenderType","Transparent"]],["STEREO_CUBEMAP_RENDER_ON","STEREO_INSTANCING_ON","STEREO_MULTIVIEW_ON","UNITY_SINGLE_PASS_STEREO","UNITY_UI_ALPHACLIP","UNITY_UI_CLIP_RECT","_"],[],[[0,0,[],28,29,0,0],[0,0,[],30,31,1,0]],[],0]],[],[["_MainTex",4,0,0,0,0,"white",2],["_Color",0,1,1,1,1,"",0],["_StencilComp",2,8,0,0,0,"",0],["_Stencil",2,0,0,0,0,"",0],["_StencilOp",2,0,0,0,0,"",0],["_StencilWriteMask",2,255,0,0,0,"",0],["_StencilReadMask",2,255,0,0,0,"",0],["_ColorMask",2,15,0,0,0,"",0],["_UseUIAlphaClip",2,0,0,0,0,"",0]],null,null,0,0,0]},{"id":48,"assetBundleId":-2,"data":[[],"Hidden/BlitCopy",null,["STEREO_CUBEMAP_RENDER_ON","STEREO_INSTANCING_ON","STEREO_MULTIVIEW_ON","UNITY_SINGLE_PASS_STEREO"],[[0,0,"",0,"",0,[8,null],[0,null],[0,null],[[1,null],[0,null],[0,null]],[[1,null],[0,null],[0,null]],[15,null],[0,null],[0,null],[0,null],[255,null],[255,null],[[0,null],[0,null],[0,null],[8,null]],[[0,null],[0,null],[0,null],[8,null]],[[0,null],[0,null],[0,null],[8,null]],[],["STEREO_CUBEMAP_RENDER_ON","STEREO_INSTANCING_ON","STEREO_MULTIVIEW_ON","UNITY_SINGLE_PASS_STEREO"],[],[[0,0,[],16,40,0,0],[0,0,[],18,41,1,0]],[],0]],[],[["_MainTex",4,0,0,0,0,"",0],["_Color",0,1,1,1,1,"",0]],null,null,0,0,0]}],"sprites":[{"id":752,"path":"Resources/unity_builtin_extra\\UISprite","assetBundleId":-2,"data":["UISprite",6,750,[0,0,0,0.08,0.08,0],[0.05,0.08,0,0.8125,1,0.08,-0.08,0,1,0,0.08,0.075,0,1,0.96875,-0.07,0.08,0,0.0625,1,-0.075,-0.08,0,0.03124997,0,-0.08,0.07,0,0,0.9375,-0.08,-0.05,0,0,0.1875],[6,5,4,3,4,5,1,4,3,0,1,3,2,1,0],-0.000835968181490898,-0.00160364620387554,0.999164044857025,0.998396337032318,0,0,1,1,0.3125,0.3125,0.3125,0.3125,[0,0,0,0],[-0.08,-0.08,0.08,0.08],200,32,32,32,32,16,16,0.0267509818077087,0.0513166785240173]}],"textures":[{"id":750,"type":0,"path":"Resources/unity_builtin_extra\\UISprite","assetBundleId":-2,"data":["UISprite",32,32,6,16,1,0,4,1,1,1,8,0,0,1,1]}],"cubemaps":[{"id":23102,"type":2,"path":"Assets/Scenes/Main.unity/PrefilteredEnvironment.exr","assetBundleId":-2,"data":["",-1309086,8,1,128,0,2,[0,0,0.25,0.5,0,0.5,0.25,1,0.25,0,0.5,0.5,0.25,0.5,0.5,1,0.5,0,0.75,0.5,0.75,0,1,0.5,0.5,0.5,0.625,0.75,0.5,0.75,0.625,1,0.625,0.5,0.75,0.75,0.625,0.75,0.75,1,0.75,0.5,0.875,0.75,0.875,0.5,1,0.75,0.75,0.75,0.8125,0.875,0.75,0.875,0.8125,1,0.8125,0.75,0.875,0.875,0.8125,0.875,0.875,1,0.875,0.75,0.9375,0.875,0.9375,0.75,1,0.875,0.875,0.875,0.90625,0.9375,0.875,0.9375,0.90625,1,0.90625,0.875,0.9375,0.9375,0.90625,0.9375,0.9375,1,0.9375,0.875,0.96875,0.9375,0.96875,0.875,1,0.9375,0.9375,0.9375,0.953125,0.96875,0.9375,0.96875,0.953125,1,0.953125,0.9375,0.96875,0.96875,0.953125,0.96875,0.96875,1,0.96875,0.9375,0.984375,0.96875,0.984375,0.9375,1,0.96875,0.96875,0.96875,0.9765625,0.984375,0.96875,0.984375,0.9765625,1,0.9765625,0.96875,0.984375,0.984375,0.9765625,0.984375,0.984375,1,0.984375,0.96875,0.9921875,0.984375,0.9921875,0.96875,1,0.984375,0.984375,0.984375,0.98828125,0.9921875,0.984375,0.9921875,0.98828125,1,0.98828125,0.984375,0.9921875,0.9921875,0.98828125,0.9921875,0.9921875,1,0.9921875,0.984375,0.99609375,0.9921875,0.99609375,0.984375,1,0.9921875,0.9921875,0.9921875,0.994140625,0.99609375,0.9921875,0.99609375,0.994140625,1,0.994140625,0.9921875,0.99609375,0.99609375,0.994140625,0.99609375,0.99609375,1,0.99609375,0.9921875,0.998046875,0.99609375,0.998046875,0.9921875,1,0.99609375],1,1]}],"resources":[{"id":0,"assetBundleId":-2,"data":[[["unity_builtin_extra",5,288],["unity_builtin_extra",5,166],["unity_builtin_extra",4,738],["unity_builtin_extra",5,298],["unity_builtin_extra",5,28],["unity_builtin_extra",4,484],["fonts & materials/liberationsans sdf",6,22444],["fonts & materials/liberationsans sdf",4,22278],["fonts & materials/liberationsans sdf",47,22276],["unity_builtin_extra",5,148],["unity_builtin_extra",6,750],["unity_builtin_extra",31,752],["unity_builtin_extra",5,150],["unity_builtin_extra",4,734],["unity_builtin_extra",5,30],["dotweensettings",66,22900],["sprite assets/emojione",4,22904],["sprite assets/emojione",68,22888],["style sheets/default style sheet",69,22894],["linebreaking leading characters",70,22896],["linebreaking following characters",70,22898],["tmp settings",67,22890]],[22380,22378,22754,22378,22382,22378,22434,22436,22814,22436,22816,22436,22818,22436,22438,22436,22810,22436,22822,22436,-1308856,-1308850,22846,22436,22848,22436,22850,22436,22852,22436,22834,22436,22836,22436,22838,22436,22840,22436,-1308862,-1308850,-1308874,-1308850,-1308882,-1308850,-1308852,-1308850,22824,22436,-1308890,-1308850,22842,22436,22844,22436,-1308894,-1308850,22362,22364,22744,22364,22366,22364,22746,22364,22748,22364,22370,22364,22360,22364,22760,22402,22764,22402,22766,22402,22404,22402,-1308646,-1308640,22784,22402,22786,22402,22788,22402,22790,22402,22792,22402,22794,22402,22796,22402,22798,22402,22800,22402,22802,22402,-1308660,-1308640,-1308674,-1308640,-1308642,-1308640,22768,22402,22770,22402,22772,22402,22774,22402,22776,22402,22302,22292,22714,22292,22286,22292,22442,22292,-1308906,-1308900,22728,22292,-1308924,-1308900,-1308902,-1308900,22716,22292,22718,22292,22720,22292,22722,22292,22288,22292,-1308926,-1308900,22290,22292,22724,22292,-1307524,-1307518,-1307542,-1307518,-1307520,-1307518,-1307544,-1307518,-1307554,-1307548,-1307572,-1307548,-1307550,-1307548,-1307574,-1307548,22390,22422,22640,22422,22642,22422,22638,22422,22648,22422,22650,22422,22646,22422,22644,22422,22656,22422,22658,22422,22654,22422,22652,22422,22636,22422,22610,22422,22600,22422,22660,22422,22662,22422,22630,22422,22612,22422,22666,22422,22668,22422,22664,22422,22614,22422,22590,22422,22588,22422,22592,22422,22594,22422,163756,163490,22616,22422,-1308752,163490,-1308756,163490,-1308748,163490,-1308768,163490,-1308772,163490,-1308764,163490,-1308760,163490,-1308784,163490,-1308788,163490,-1308780,163490,-1308776,163490,-1308744,163490,-1308740,163490,-1308736,163490,-1308800,163490,-1308804,163490,-1308796,163490,-1308792,163490,-1308816,163490,-1308820,163490,-1308812,163490,-1308808,163490,-1308732,163490,22624,22422,22626,22422,22620,22422,22622,22422,-1308726,163490,-1308824,163490,-1308832,163490,22430,22422,22602,22422,22426,22422,22424,22422,22268,22270,22474,22270,22476,22270,163686,163334,163548,163334,163516,163334,163348,163334,163642,163334,22274,22308,22514,22308,22516,22308,22512,22308,22522,22308,22524,22308,22520,22308,22518,22308,22530,22308,22532,22308,22528,22308,22526,22308,22510,22308,22498,22308,22494,22308,22536,22308,22538,22308,22534,22308,22500,22308,22542,22308,22544,22308,22540,22308,22502,22308,22484,22308,22482,22308,163714,163490,22348,22308,-1308570,163490,-1308574,163490,-1308566,163490,-1308586,163490,-1308590,163490,-1308582,163490,-1308578,163490,-1308602,163490,-1308606,163490,-1308598,163490,-1308594,163490,-1308562,163490,-1308558,163490,-1308554,163490,-1308618,163490,-1308622,163490,-1308614,163490,-1308610,163490,-1308634,163490,-1308638,163490,-1308630,163490,-1308626,163490,-1308550,163490,-1308544,163490,22304,22308,22488,22308,22490,22308,163592,163490,-1307960,163490,-1307964,163490,-1307956,163490,-1307976,163490,-1307980,163490,-1307972,163490,-1307968,163490,-1307992,163490,-1307996,163490,-1307988,163490,-1307984,163490,-1307952,163490,-1307948,163490,-1307944,163490,-1308008,163490,-1308012,163490,-1308004,163490,-1308000,163490,-1308024,163490,-1308028,163490,-1308020,163490,-1308016,163490,-1307940,163490,-1307934,163490,163370,163490,-1307848,163490,-1307852,163490,-1307844,163490,-1307864,163490,-1307868,163490,-1307860,163490,-1307856,163490,-1307880,163490,-1307884,163490,-1307876,163490,-1307872,163490,-1307840,163490,-1307836,163490,-1307832,163490,-1307896,163490,-1307900,163490,-1307892,163490,-1307888,163490,-1307912,163490,-1307916,163490,-1307908,163490,-1307904,163490,-1307828,163490,-1307822,163490,163712,163490,-1308104,163490,-1308108,163490,-1308100,163490,-1308120,163490,-1308124,163490,-1308116,163490,-1308112,163490,-1308136,163490,-1308140,163490,-1308132,163490,-1308128,163490,-1308096,163490,-1308092,163490,-1308088,163490,-1308152,163490,-1308156,163490,-1308148,163490,-1308144,163490,-1308168,163490,-1308172,163490,-1308164,163490,-1308160,163490,-1308084,163490,-1308078,163490,163478,163490,-1308342,163490,-1308346,163490,-1308338,163490,-1308358,163490,-1308362,163490,-1308354,163490,-1308350,163490,-1308374,163490,-1308378,163490,-1308370,163490,-1308366,163490,-1308334,163490,-1308330,163490,-1308326,163490,-1308390,163490,-1308394,163490,-1308386,163490,-1308382,163490,-1308406,163490,-1308410,163490,-1308402,163490,-1308398,163490,-1308322,163490,-1308316,163490,163414,163490,-1308234,163490,-1308238,163490,-1308230,163490,-1308250,163490,-1308254,163490,-1308246,163490,-1308242,163490,-1308266,163490,-1308270,163490,-1308262,163490,-1308258,163490,-1308226,163490,-1308222,163490,-1308218,163490,-1308282,163490,-1308286,163490,-1308278,163490,-1308274,163490,-1308298,163490,-1308302,163490,-1308294,163490,-1308290,163490,-1308214,163490,-1308208,163490,163696,163490,-1308450,163490,-1308454,163490,-1308446,163490,-1308466,163490,-1308470,163490,-1308462,163490,-1308458,163490,-1308482,163490,-1308486,163490,-1308478,163490,-1308474,163490,-1308442,163490,-1308438,163490,-1308434,163490,-1308498,163490,-1308502,163490,-1308494,163490,-1308490,163490,-1308514,163490,-1308518,163490,-1308510,163490,-1308506,163490,-1308430,163490,-1308424,163490,163398,163490,-1307724,163490,-1307728,163490,-1307720,163490,-1307740,163490,-1307744,163490,-1307736,163490,-1307732,163490,-1307756,163490,-1307760,163490,-1307752,163490,-1307748,163490,-1307716,163490,-1307712,163490,-1307708,163490,-1307772,163490,-1307776,163490,-1307768,163490,-1307764,163490,-1307788,163490,-1307792,163490,-1307784,163490,-1307780,163490,-1307704,163490,-1307698,163490,163694,163490,-1307616,163490,-1307620,163490,-1307612,163490,-1307632,163490,-1307636,163490,-1307628,163490,-1307624,163490,-1307648,163490,-1307652,163490,-1307644,163490,-1307640,163490,-1307608,163490,-1307604,163490,-1307600,163490,-1307664,163490,-1307668,163490,-1307660,163490,-1307656,163490,-1307680,163490,-1307684,163490,-1307676,163490,-1307672,163490,-1307596,163490,-1307590,163490,22282,22376,22452,22376,22454,22376,163400,163388,22334,22332,22732,22332,22734,22332,22736,22332,22738,22332]]}],"project-settings":[{"id":-1,"assetBundleId":-2,"data":[[["UnityEngine.EventSystems.EventSystem",-1000],["TMPro.TextMeshProUGUI",-100],["UnityEngine.UI.ToggleGroup",10],["TMPro.TextContainer",-110],["TMPro.TextMeshPro",-105]],[[0,"Default",0]],[[0,"Default"],[1,"TransparentFX"],[2,"Ignore Raycast"],[4,"Water"],[5,"UI"],[6,"IgnoreNavMesh"],[7,"Bot"]],[0.0199999995529652,0.333333343267441,1,0.0299999993294477],[0,-9.8100004196167,0,6,2,0,1,[[0,0,0],[0,0,1],[0,0,2],[0,0,4],[0,0,5],[0,0,6],[0,0,7],[0,1,0],[0,1,1],[0,1,2],[0,1,4],[0,1,5],[0,1,6],[0,1,7],[0,2,0],[0,2,1],[0,2,2],[0,2,4],[0,2,5],[0,2,6],[0,2,7],[0,4,0],[0,4,1],[0,4,2],[0,4,4],[0,4,5],[0,4,6],[0,4,7],[0,5,0],[0,5,1],[0,5,2],[0,5,4],[0,5,5],[0,5,6],[0,5,7],[0,6,0],[0,6,1],[0,6,2],[0,6,4],[0,6,5],[0,6,6],[0,6,7],[0,7,0],[0,7,1],[0,7,2],[0,7,4],[0,7,5],[0,7,6],[0,7,7]]],[null,null,0,-9.8100004196167,3,8,1,0.200000002980232,8,100,360,0.200000002980232,0.75,0.5,0.00999999977648258,2,0.00999999977648258,1,1,1,1,1,0,[[0,0,0],[0,0,1],[0,0,2],[0,0,4],[0,0,5],[0,0,6],[0,0,7],[0,1,0],[0,1,1],[0,1,2],[0,1,4],[0,1,5],[0,1,6],[0,1,7],[0,2,0],[0,2,1],[0,2,2],[0,2,4],[0,2,5],[0,2,6],[0,2,7],[0,4,0],[0,4,1],[0,4,2],[0,4,4],[0,4,5],[0,4,6],[0,4,7],[0,5,0],[0,5,1],[0,5,2],[0,5,4],[0,5,5],[0,5,6],[0,5,7],[0,6,0],[0,6,1],[0,6,2],[0,6,4],[0,6,5],[0,6,6],[0,6,7],[0,7,0],[0,7,1],[0,7,2],[0,7,4],[0,7,5],[0,7,6],[0,7,7]]],[[[[],["Very Low","Medium","Low","High","Very High","Ultra"],0,0,0,0.300000011920929,1,15,0,1,0,0,0,0,0,0,2,4,0,0,0.333333343267441,0.0666666701436043,0.200000002980232,0.466666668653488,0,0,16,2,0,3,512,0,1,2,512,1,1024,0],[[],["Very Low","Medium","Low","High","Very High","Ultra"],1,1,0,0.699999988079071,1,20,0,1,0,0,0,0,0,0,2,64,1,0,0.333333343267441,0.0666666701436043,0.200000002980232,0.466666668653488,0,1,16,2,0,3,512,0,1,2,512,1,1024,1],[[],["Very Low","Medium","Low","High","Very High","Ultra"],0,0,0,0.400000005960464,1,20,0,1,0,0,0,0,0,0,2,16,0,0,0.333333343267441,0.0666666701436043,0.200000002980232,0.466666668653488,0,0,16,2,0,3,512,0,1,2,512,1,1024,2],[[],["Very Low","Medium","Low","High","Very High","Ultra"],2,1,0,1,2,40,1,1,1,0,1,0,0,0,2,256,2,1,0.333333343267441,0.0666666701436043,0.200000002980232,0.466666668653488,0,0,16,2,1,3,512,0,1,2,512,1,1024,3],[[],["Very Low","Medium","Low","High","Very High","Ultra"],2,1,2,1.5,2,70,1,1,2,1,1,0,0,0,2,1024,3,1,0.333333343267441,0.0666666701436043,0.200000002980232,0.466666668653488,0,0,16,2,1,3,512,0,1,2,512,1,1024,4],[[],["Very Low","Medium","Low","High","Very High","Ultra"],2,1,4,2,4,150,1,1,2,1,1,0,0,0,2,4096,4,1,0.333333343267441,0.0666666701436043,0.200000002980232,0.466666668653488,0,0,16,2,1,3,512,0,1,2,512,1,1024,5]],["Very Low","Medium","Low","High","Very High","Ultra"],0,0,0,0.300000011920929,1,15,0,1,0,0,0,0,0,0,2,4,0,0,0.333333343267441,0.0666666701436043,0.200000002980232,0.466666668653488,0,0,16,2,0,3,512,0,1,2,512,1,1024,0],0,0,1,2,0,["Untagged","Respawn","Finish","EditorOnly","MainCamera","Player","GameController","Target","Obstacle","Bot"]]}]}